{
"type": "FeatureCollection",
"features": [
{ "type": "Feature", "properties": { "Name": "101mk2-jb1", "Description": "Location:\tГ.Сталинграда 4 Box type:\tтр. уточнение Box place:\tподставка Power:\tтр. уточнение" }, "geometry": { "type": "Point", "coordinates": [ 32.200810, 48.505758, 0.000000 ] } }
,
{ "type": "Feature", "properties": { "Name": "101mk2-cb1", "Description": "Location:\tГ.Сталинграда 4 Box type:\tтр. уточнение Box place:\tподставка Power:\tтр. уточнение" }, "geometry": { "type": "Point", "coordinates": [ 32.200789, 48.505758, 0.000000 ] } }

]
}
