{
"type": "FeatureCollection",
"features": [
{ "type": "Feature", "properties": { "Name": "uni17-2", "Description": "" }, "geometry": { "type": "LineString", "coordinates": [ [ 32.203804, 48.505615 ], [ 32.204877, 48.505451 ] ] } }
,
{ "type": "Feature", "properties": { "Name": "popova4", "Description": "" }, "geometry": { "type": "LineString", "coordinates": [ [ 32.203817, 48.505619 ], [ 32.204417, 48.504944 ] ] } }
,
{ "type": "Feature", "properties": { "Name": "uni23k1", "Description": "" }, "geometry": { "type": "LineString", "coordinates": [ [ 32.203792, 48.505619 ], [ 32.202597, 48.505585 ] ] } }
,
{ "type": "Feature", "properties": { "Name": "uni23k2", "Description": "" }, "geometry": { "type": "LineString", "coordinates": [ [ 32.203843, 48.505615 ], [ 32.202373, 48.504861 ] ] } }
,
{ "type": "Feature", "properties": { "Name": "uni25p4", "Description": "" }, "geometry": { "type": "LineString", "coordinates": [ [ 32.203786, 48.505611 ], [ 32.202560, 48.506088 ] ] } }
,
{ "type": "Feature", "properties": { "Name": "uni17-2-2", "Description": "" }, "geometry": { "type": "LineString", "coordinates": [ [ 32.203780, 48.505609 ], [ 32.204844, 48.505439 ] ] } }
,
{ "type": "Feature", "properties": { "Name": "popova4-2", "Description": "" }, "geometry": { "type": "LineString", "coordinates": [ [ 32.203780, 48.505590 ], [ 32.204305, 48.504943 ] ] } }

]
}
