{
"type": "FeatureCollection",
"features": [
{ "type": "Feature", "properties": { "Name": "101mk-f1", "Description": "cable type:\tЮжкабель ОЦПт-12Е1(1х12)-2.0 node1:\tchb5-jb1 node2:\torev2-jb1 mark1: mark2: length: install date: note:\tтехнологический запас .... другие особенности прокладки" }, "geometry": { "type": "LineString", "coordinates": [ [ 32.203814, 48.505598 ], [ 32.203846, 48.505592 ], [ 32.204356, 48.505005 ], [ 32.204344, 48.504944 ], [ 32.204444, 48.504931 ] ] } }
,
{ "type": "Feature", "properties": { "Name": "101mk-f2", "Description": "cable type:\tЮжкабель ОЦП-24Е4(4х6)-4.0 node1:\tchb5-jb1 node2:\torev2-jb1 mark1: mark2: length: install date: note:\tтехнологический запас .... другие особенности прокладки" }, "geometry": { "type": "LineString", "coordinates": [ [ 32.203778, 48.505591 ], [ 32.202545, 48.506086 ], [ 32.201561, 48.506228 ] ] } }
,
{ "type": "Feature", "properties": { "Name": "101mk-f3", "Description": "ОЦПт-4А1(1х4)-1.5" }, "geometry": { "type": "LineString", "coordinates": [ [ 32.201572, 48.506229 ], [ 32.201463, 48.506244 ], [ 32.201449, 48.506211 ], [ 32.201425, 48.506215 ], [ 32.200928, 48.505966 ], [ 32.200846, 48.505969 ], [ 32.200755, 48.505711 ] ] } }

]
}
