{
"type": "FeatureCollection",
"features": [
{ "type": "Feature", "properties": { "Name": "uni31", "Description": "" }, "geometry": { "type": "LineString", "coordinates": [ [ 32.201287, 48.505583 ], [ 32.200741, 48.505678 ] ] } }
,
{ "type": "Feature", "properties": { "Name": "jadova7", "Description": "" }, "geometry": { "type": "LineString", "coordinates": [ [ 32.201287, 48.505578 ], [ 32.200936, 48.505336 ], [ 32.200258, 48.504960 ] ] } }
,
{ "type": "Feature", "properties": { "Name": "uni33", "Description": "" }, "geometry": { "type": "LineString", "coordinates": [ [ 32.201294, 48.505583 ], [ 32.200698, 48.505668 ], [ 32.199484, 48.506067 ] ] } }
,
{ "type": "Feature", "properties": { "Name": "uni25p2", "Description": "" }, "geometry": { "type": "LineString", "coordinates": [ [ 32.201301, 48.505588 ], [ 32.201458, 48.505887 ], [ 32.201866, 48.506145 ] ] } }
,
{ "type": "Feature", "properties": { "Name": "uni27", "Description": "" }, "geometry": { "type": "LineString", "coordinates": [ [ 32.201294, 48.505583 ], [ 32.201910, 48.505493 ] ] } }

]
}
