{
"type": "FeatureCollection",
"features": [
{ "type": "Feature", "properties": { "Name": "chb13-cb1", "Description": "" }, "geometry": { "type": "Point", "coordinates": [ 32.225056, 48.510480, 0.000000 ] } }
,
{ "type": "Feature", "properties": { "Name": "101mk1-cb1", "Description": "Location:\tГ.Сталинграда 4 Box type:\tтр. уточнение Box place:\tподставка Power:\tтр. уточнение" }, "geometry": { "type": "Point", "coordinates": [ 32.203781, 48.505595, 0.000000 ] } }
,
{ "type": "Feature", "properties": { "Name": "pj1-cb1", "Description": "Location:\tГ.Сталинграда 4 Box type:\tмагистр.большой Box place:\tподставка Power:\tтр. уточнение" }, "geometry": { "type": "Point", "coordinates": [ 32.203269, 48.496932, 0.000000 ] } }
,
{ "type": "Feature", "properties": { "Name": "55ar1-cb1", "Description": "" }, "geometry": { "type": "Point", "coordinates": [ 32.273196, 48.517200, 0.000000 ] } }
,
{ "type": "Feature", "properties": { "Name": "kov1-cb1", "Description": "Location:\tВолкова 20, корп 1 addit loc data:\t Type:\tJB-100x300 place:\tна стене, возле шкафа chb1-cb1 comment:" }, "geometry": { "type": "Point", "coordinates": [ 32.253214, 48.516142, 0.000000 ] } }
,
{ "type": "Feature", "properties": { "Name": "ce3-cb1", "Description": "location:\tПреображенська, буд 6 box type:\t box place: install date: power: comment:" }, "geometry": { "type": "Point", "coordinates": [ 32.261508, 48.506822, 0.000000 ] } }
,
{ "type": "Feature", "properties": { "Name": "krr6-cb1", "Description": "Location:\tВолкова 28, корп 1 Box type:\tтр. уточнение Box place:\tстена Power:\tтр. уточнение" }, "geometry": { "type": "Point", "coordinates": [ 32.242708, 48.500815, 0.000000 ] } }

]
}
