{
"type": "FeatureCollection",
"features": [
{ "type": "Feature", "properties": { "Name": "ce65-cb1", "Description": "" }, "geometry": { "type": "Point", "coordinates": [ 32.274058, 48.507367, 0.000000 ] } }
,
{ "type": "Feature", "properties": { "Name": "k-marksa51", "Description": "" }, "geometry": { "type": "Point", "coordinates": [ 32.264263, 48.506768, 0.000000 ] } }
,
{ "type": "Feature", "properties": { "Name": "unknown-1", "Description": "" }, "geometry": { "type": "Point", "coordinates": [ 32.276676, 48.510759, 0.000000 ] } }
,
{ "type": "Feature", "properties": { "Name": "unknown-3", "Description": "" }, "geometry": { "type": "Point", "coordinates": [ 32.280497, 48.513263, 0.000000 ] } }
,
{ "type": "Feature", "properties": { "Name": "unknown-4", "Description": "" }, "geometry": { "type": "Point", "coordinates": [ 32.279887, 48.510539, 0.000000 ] } }
,
{ "type": "Feature", "properties": { "Name": "unknown-2", "Description": "" }, "geometry": { "type": "Point", "coordinates": [ 32.278835, 48.512436, 0.000000 ] } }

]
}
