{
"type": "FeatureCollection",
"features": [
{ "type": "Feature", "properties": { "Name": "future", "Description": "" }, "geometry": { "type": "LineString", "coordinates": [ [ 32.259135, 48.508521 ], [ 32.260473, 48.509826 ], [ 32.260667, 48.509832 ] ] } }
,
{ "type": "Feature", "properties": { "Name": "ce-f1", "Description": "cable type:\tОПТ-8Е4(1х8)-2,0 node1:\tvp1-or1 node2:\tchb1-jb1 mark1: mark2: length: install date: note:\tтехнологический запас .... другие особенности прокладки" }, "geometry": { "type": "LineString", "coordinates": [ [ 32.258215, 48.509791 ], [ 32.258499, 48.509650 ], [ 32.259088, 48.509406 ], [ 32.259180, 48.508467 ], [ 32.258846, 48.508028 ], [ 32.258866, 48.507976 ], [ 32.258660, 48.507713 ] ] } }
,
{ "type": "Feature", "properties": { "Name": "ce-f2", "Description": "cable type:\tОПТ-24Е4(4х6)-4,0 node1:\tvp1-or1 node2:\tchb1-jb1 mark1: mark2: length: install date: note:\tтехнологический запас .... другие особенности прокладк" }, "geometry": { "type": "LineString", "coordinates": [ [ 32.258668, 48.507707 ], [ 32.259768, 48.507114 ], [ 32.259826, 48.507085 ], [ 32.260347, 48.507004 ], [ 32.260455, 48.507047 ], [ 32.260510, 48.507013 ], [ 32.260994, 48.506969 ], [ 32.261577, 48.506741 ] ] } }
,
{ "type": "Feature", "properties": { "Name": "ce-f3", "Description": "FinMark LT0-048-SM-18 Выходит с тех этажа идет под бортом к 6-му подъезду и заходит на тех этаж." }, "geometry": { "type": "LineString", "coordinates": [ [ 32.261471, 48.506834 ], [ 32.261434, 48.506797 ], [ 32.261743, 48.506675 ], [ 32.261755, 48.506690 ] ] } }
,
{ "type": "Feature", "properties": { "Name": "ce-f31", "Description": "cable type:\tОПТ-24Е4(4х6)-4,0 node1:\tvp1-or1 node2:\tchb1-jb1 mark1: mark2: length: install date: note:\tтехнологический запас .... другие особенности прокладки" }, "geometry": { "type": "LineString", "coordinates": [ [ 32.261752, 48.506687 ], [ 32.261824, 48.506763 ], [ 32.262532, 48.506471 ], [ 32.262885, 48.506437 ], [ 32.263051, 48.506372 ], [ 32.263243, 48.506568 ], [ 32.263905, 48.506503 ], [ 32.263987, 48.506487 ], [ 32.264227, 48.506732 ] ] } }
,
{ "type": "Feature", "properties": { "Name": "ce-f32", "Description": "FinMarrk LT-036-SM-18 С 6-го подъезда выходит с тех этажа, идет к 7-му подъезду под бортом, откуда протянут на приоб.12 к углу тех этажа. Проходит по центру дома по тех. этажу. Выходит с тех этажа и тянется на столб возле моста. Кабель со столба тянется через мост до столба на перекрестке. Проходит через дорогу к столбу у церкви." }, "geometry": { "type": "LineString", "coordinates": [ [ 32.261755, 48.506689 ], [ 32.261746, 48.506674 ], [ 32.262117, 48.506522 ], [ 32.262131, 48.506263 ], [ 32.262200, 48.506236 ], [ 32.261900, 48.505921 ], [ 32.261951, 48.505883 ], [ 32.262300, 48.505357 ] ] } }
,
{ "type": "Feature", "properties": { "Name": "ce-f4", "Description": "ОПт-24Е4(8х1)-4,0" }, "geometry": { "type": "LineString", "coordinates": [ [ 32.261467, 48.506835 ], [ 32.261505, 48.506820 ] ] } }
,
{ "type": "Feature", "properties": { "Name": "ce-f4.2", "Description": "ОПт-24Е4(8х1)-4,0" }, "geometry": { "type": "LineString", "coordinates": [ [ 32.261467, 48.506835 ], [ 32.261505, 48.506820 ] ] } }
,
{ "type": "Feature", "properties": { "Name": "ce-f4.3", "Description": "ОПт-24Е4(8х1)-4,0" }, "geometry": { "type": "LineString", "coordinates": [ [ 32.261467, 48.506835 ], [ 32.261505, 48.506820 ] ] } }
,
{ "type": "Feature", "properties": { "Name": "ce-f5", "Description": "cable type:\tОПТ-12Е1(8х1)-2,0 node1:\tvp1-or1 node2:\tchb1-jb1 mark1: mark2: length: install date: note:\tтехнологический запас .... другие особенности прокладки" }, "geometry": { "type": "LineString", "coordinates": [ [ 32.264936, 48.508419 ], [ 32.265187, 48.508344 ], [ 32.265318, 48.508366 ], [ 32.265640, 48.508739 ], [ 32.265936, 48.509062 ], [ 32.266087, 48.508992 ], [ 32.266332, 48.509260 ], [ 32.266608, 48.509532 ], [ 32.266753, 48.509671 ], [ 32.266955, 48.509895 ], [ 32.267238, 48.510187 ], [ 32.267449, 48.510398 ], [ 32.267578, 48.510531 ], [ 32.267667, 48.510665 ] ] } }
,
{ "type": "Feature", "properties": { "Name": "ce-f51", "Description": "cable type:\tfinmark(4) node1:\tvp1-or1 node2:\tchb1-jb1 mark1: mark2: length: install date: note:\tтехнологический запас .... другие особенности прокладки" }, "geometry": { "type": "LineString", "coordinates": [ [ 32.267673, 48.510659 ], [ 32.267774, 48.510636 ], [ 32.268015, 48.510550 ], [ 32.268015, 48.510498 ], [ 32.268226, 48.510220 ], [ 32.268444, 48.510149 ] ] } }
,
{ "type": "Feature", "properties": { "Name": "ce-f52", "Description": "cable type:\tОЦПТ-12Е1(12х1)-2,0 node1:\tvp1-or1 node2:\tchb1-jb1 mark1: mark2: length: install date: note:\tтехнологический запас .... другие особенности прокладки" }, "geometry": { "type": "LineString", "coordinates": [ [ 32.267660, 48.510661 ], [ 32.268037, 48.511043 ], [ 32.267846, 48.511117 ] ] } }
,
{ "type": "Feature", "properties": { "Name": "ce-f53", "Description": "ОЦПт-12А1-2кН" }, "geometry": { "type": "LineString", "coordinates": [ [ 32.267667, 48.510654 ], [ 32.267581, 48.510537 ], [ 32.267057, 48.510695 ], [ 32.266339, 48.510880 ], [ 32.266239, 48.510877 ] ] } }
,
{ "type": "Feature", "properties": { "Name": "ce-f6", "Description": "cable type:\tОПт-24Е4(8х1)-4,0 node1:\tvp1-or1 node2:\tchb1-jb1 mark1: mark2: length: install date: note:\tтехнологический запас .... другие особенности прокладки" }, "geometry": { "type": "LineString", "coordinates": [ [ 32.267675, 48.510658 ], [ 32.267941, 48.510923 ], [ 32.268135, 48.511136 ], [ 32.268346, 48.511328 ], [ 32.268487, 48.511364 ], [ 32.268747, 48.511613 ] ] } }
,
{ "type": "Feature", "properties": { "Name": "ce-f7", "Description": "cable type:\tОЦПТ-12Е1(12х1)-2,0 node1:\tvp1-or1 node2:\tchb1-jb1 mark1: mark2: length: install date: note:\tтехнологический запас .... другие особенности прокладки" }, "geometry": { "type": "LineString", "coordinates": [ [ 32.268769, 48.511622 ], [ 32.268788, 48.511668 ], [ 32.269015, 48.511893 ], [ 32.269042, 48.511933 ], [ 32.269289, 48.512246 ], [ 32.269282, 48.512335 ], [ 32.269257, 48.512399 ], [ 32.269953, 48.513171 ], [ 32.270297, 48.513477 ] ] } }
,
{ "type": "Feature", "properties": { "Name": "ce-f11", "Description": "cable type:\tFinMark LT-072-SM-18 node1:\tvp1-or1 node2:\tchb1-jb1 mark1: mark2: length: install date: note:\tтехнологический запас .... другие особенности прокладки" }, "geometry": { "type": "LineString", "coordinates": [ [ 32.261470, 48.506833 ], [ 32.261516, 48.506888 ], [ 32.261277, 48.506996 ], [ 32.261282, 48.507417 ], [ 32.261313, 48.507449 ], [ 32.261252, 48.507478 ], [ 32.261282, 48.507512 ], [ 32.261294, 48.507538 ] ] } }
,
{ "type": "Feature", "properties": { "Name": "ce-f12", "Description": "cable type:\tОПт-48А4 4кН node1:\tvp1-or1 node2:\tchb1-jb1 mark1: mark2: length: install date: note:\tтехнологический запас .... другие особенности прокладки" }, "geometry": { "type": "LineString", "coordinates": [ [ 32.261294, 48.507530 ], [ 32.261263, 48.507526 ], [ 32.262062, 48.508354 ], [ 32.262066, 48.508424 ] ] } }
,
{ "type": "Feature", "properties": { "Name": "ce-f121", "Description": "cable type:\tFinMark UT016-SM-48 node1:\tvp1-or1 node2:\tchb1-jb1 mark1: mark2: length: install date: note:\tтехнологический запас .... другие особенности прокладки" }, "geometry": { "type": "LineString", "coordinates": [ [ 32.262200, 48.507476 ], [ 32.262150, 48.507497 ], [ 32.261281, 48.507518 ], [ 32.261291, 48.507531 ] ] } }
,
{ "type": "Feature", "properties": { "Name": "ce-f13", "Description": "cable type:\tОПТ-24Е4(4х6)-4,0 node1:\tvp1-or1 node2:\tchb1-jb1 mark1: mark2: length: install date: note:\tтехнологический запас .... другие особенности прокладки" }, "geometry": { "type": "LineString", "coordinates": [ [ 32.262070, 48.508431 ], [ 32.262297, 48.508339 ], [ 32.262377, 48.508358 ], [ 32.262779, 48.508496 ], [ 32.262955, 48.508684 ], [ 32.263404, 48.508954 ], [ 32.263431, 48.508983 ], [ 32.263626, 48.508896 ], [ 32.263743, 48.508878 ], [ 32.264641, 48.508526 ], [ 32.264693, 48.508566 ], [ 32.264960, 48.508462 ], [ 32.264931, 48.508422 ] ] } }
,
{ "type": "Feature", "properties": { "Name": "ce-f13.2.1", "Description": "cable type:\tОПт-24Е4(8х1)-4,0 node1:\tvp1-or1 node2:\tchb1-jb1 mark1: mark2: length: install date: note:\tКабель с Приоб.3а с центра дома по тех. этажу идет к углу дома, выходит с чердока, затем на столб через дорогу. Идет вдоль дороги до столба на перекрестке Гоголя-Луначарского." }, "geometry": { "type": "LineString", "coordinates": [ [ 32.262070, 48.508431 ], [ 32.262297, 48.508339 ], [ 32.262377, 48.508358 ], [ 32.262779, 48.508496 ], [ 32.262955, 48.508684 ], [ 32.263122, 48.508870 ], [ 32.263229, 48.508904 ] ] } }
,
{ "type": "Feature", "properties": { "Name": "ce-f13.2.2", "Description": "cable type:\tОПт-24Е4(8х1)-4,0 node1:\tvp1-or1 node2:\tchb1-jb1 mark1: mark2: length: install date:" }, "geometry": { "type": "LineString", "coordinates": [ [ 32.263238, 48.508894 ], [ 32.263800, 48.508661 ], [ 32.264614, 48.508493 ], [ 32.264639, 48.508521 ], [ 32.264923, 48.508417 ] ] } }
,
{ "type": "Feature", "properties": { "Name": "ce-f14", "Description": "cable type:\tОПТ-16Е4(4х4)-4,0 node1:\tvp1-or1 node2:\tchb1-jb1 mark1: mark2: length: install date: note:\tтехнологический запас .... другие особенности прокладки" }, "geometry": { "type": "LineString", "coordinates": [ [ 32.264930, 48.508416 ], [ 32.265172, 48.508327 ], [ 32.265882, 48.507666 ], [ 32.265956, 48.507578 ] ] } }
,
{ "type": "Feature", "properties": { "Name": "ce-f15", "Description": "cable type:\tFinMark UT016-SM-28 node1:\tvp1-or1 node2:\tchb1-jb1 mark1: mark2: length: install date: note:\tтехнологический запас .... другие особенности прокладки" }, "geometry": { "type": "LineString", "coordinates": [ [ 32.266070, 48.507534 ], [ 32.265948, 48.507574 ], [ 32.266290, 48.507464 ], [ 32.266370, 48.507481 ], [ 32.267847, 48.506889 ], [ 32.268126, 48.506793 ], [ 32.268674, 48.506767 ], [ 32.268766, 48.506776 ], [ 32.268796, 48.506800 ] ] } }
,
{ "type": "Feature", "properties": { "Name": "ce-f16", "Description": "cable type:\tОПТ-12Е1(12х1)-1,5 node1:\tvp1-or1 node2:\tchb1-jb1 mark1: mark2: length: install date: note:\tтехнологический запас .... другие особенности прокладки" }, "geometry": { "type": "LineString", "coordinates": [ [ 32.268794, 48.506797 ], [ 32.269244, 48.507231 ] ] } }
,
{ "type": "Feature", "properties": { "Name": "ce-f17", "Description": "cable type:\tОПТ-8Е1(8х1)-1,5 node1:\tvp1-or1 node2:\tchb1-jb1 mark1: mark2: length: install date: note:\tтехнологический запас .... другие особенности прокладки" }, "geometry": { "type": "LineString", "coordinates": [ [ 32.269244, 48.507236 ], [ 32.269421, 48.507426 ], [ 32.269497, 48.507430 ], [ 32.269572, 48.507350 ], [ 32.270034, 48.507842 ] ] } }
,
{ "type": "Feature", "properties": { "Name": "ce-f17-1", "Description": "cable type:\tОПТ-8Е1(8х1)-1,5 node1:\tvp1-or1 node2:\tchb1-jb1 mark1: mark2: length: install date: note:\tтехнологический запас .... другие особенности прокладки" }, "geometry": { "type": "LineString", "coordinates": [ [ 32.270044, 48.507850 ], [ 32.270191, 48.507994 ], [ 32.270347, 48.508121 ] ] } }
,
{ "type": "Feature", "properties": { "Name": "ce-f18", "Description": "cable type:\tОПТ-12Е1(12х1)-2,0 node1:\tvp1-or1 node2:\tchb1-jb1 mark1: mark2: length: install date: note:\tтехнологический запас .... другие особенности прокладки" }, "geometry": { "type": "LineString", "coordinates": [ [ 32.269667, 48.508457 ], [ 32.269735, 48.508416 ], [ 32.269746, 48.508352 ], [ 32.269859, 48.508158 ], [ 32.270208, 48.507998 ], [ 32.270343, 48.508118 ] ] } }
,
{ "type": "Feature", "properties": { "Name": "ce-f19", "Description": "cable type:\tОПТ-12Е1(12х1)-2,0 node1:\tvp1-or1 node2:\tchb1-jb1 mark1: mark2: length: install date: note:\tтехнологический запас .... другие особенности прокладки" }, "geometry": { "type": "LineString", "coordinates": [ [ 32.270342, 48.508126 ], [ 32.271200, 48.509012 ], [ 32.271558, 48.509091 ], [ 32.271708, 48.509090 ], [ 32.272222, 48.508882 ] ] } }
,
{ "type": "Feature", "properties": { "Name": "ce-f20", "Description": "cable type:\tОПТ-12Е1(12х1)-2,0 node1:\tvp1-or1 node2:\tchb1-jb1 mark1: mark2: length: install date: note:\tтехнологический запас .... другие особенности прокладки" }, "geometry": { "type": "LineString", "coordinates": [ [ 32.272208, 48.508891 ], [ 32.273011, 48.508541 ], [ 32.273035, 48.508475 ], [ 32.273347, 48.508095 ], [ 32.273372, 48.508004 ], [ 32.274035, 48.507730 ], [ 32.274047, 48.507341 ] ] } }
,
{ "type": "Feature", "properties": { "Name": "ce-f71.1", "Description": "cable type:\tОПТ-24Е4(4х6)-4,0 node1:\tvp1-or1 node2:\tchb1-jb1 mark1: mark2: length: install date: note:\tтехнологический запас .... другие особенности прокладки" }, "geometry": { "type": "LineString", "coordinates": [ [ 32.268767, 48.511629 ], [ 32.268764, 48.511602 ] ] } }
,
{ "type": "Feature", "properties": { "Name": "ce-f71.2", "Description": "cable type:\tОПТ-24Е4(4х6)-4,0 node1:\tvp1-or1 node2:\tchb1-jb1 mark1: mark2: length: install date: note:\tтехнологический запас .... другие особенности прокладки" }, "geometry": { "type": "LineString", "coordinates": [ [ 32.268767, 48.511629 ], [ 32.268764, 48.511602 ] ] } }
,
{ "type": "Feature", "properties": { "Name": "ce-f72", "Description": "cable type:\tОПТ-16Е4(4х4)-4,0 node1:\tvp1-or1 node2:\tchb1-jb1 mark1: mark2: length: install date: note:\tтехнологический запас .... другие особенности прокладки" }, "geometry": { "type": "LineString", "coordinates": [ [ 32.268757, 48.511616 ], [ 32.268300, 48.511770 ], [ 32.267950, 48.511939 ], [ 32.267746, 48.511923 ], [ 32.267503, 48.512018 ] ] } }
,
{ "type": "Feature", "properties": { "Name": "ce-f73", "Description": "cable type:\tОЦПТ-12Е1(12х1)-2,0 node1:\tvp1-or1 node2:\tchb1-jb1 mark1: mark2: length: install date: note:\tтехнологический запас .... другие особенности прокладки" }, "geometry": { "type": "LineString", "coordinates": [ [ 32.267502, 48.512020 ], [ 32.267049, 48.512200 ], [ 32.267050, 48.512268 ], [ 32.267020, 48.512474 ], [ 32.266718, 48.512592 ], [ 32.266446, 48.512705 ] ] } }
,
{ "type": "Feature", "properties": { "Name": "ce-f8", "Description": "cable type:\tОЦПТ-12Е1(12х1)-2,0 node1:\tvp1-or1 node2:\tchb1-jb1 mark1: mark2: length: install date: note:\tтехнологический запас .... другие особенности прокладки" }, "geometry": { "type": "LineString", "coordinates": [ [ 32.270279, 48.513475 ], [ 32.270428, 48.513553 ], [ 32.270814, 48.513948 ], [ 32.270756, 48.514064 ], [ 32.270993, 48.514313 ], [ 32.270746, 48.514428 ], [ 32.271027, 48.514762 ], [ 32.271247, 48.515018 ], [ 32.271160, 48.515057 ], [ 32.271260, 48.515175 ], [ 32.271231, 48.515219 ], [ 32.271463, 48.515444 ] ] } }
,
{ "type": "Feature", "properties": { "Name": "ce-f161", "Description": "cable type:\tОПТ-8Е1(8х1)-1,5 node1:\tvp1-or1 node2:\tchb1-jb1 mark1: mark2: length: install date: note:\tтехнологический запас .... другие особенности прокладки" }, "geometry": { "type": "LineString", "coordinates": [ [ 32.269242, 48.507233 ], [ 32.269306, 48.507203 ], [ 32.270054, 48.507006 ], [ 32.270095, 48.507046 ], [ 32.270774, 48.506756 ], [ 32.271159, 48.506735 ], [ 32.271575, 48.506553 ], [ 32.272411, 48.506210 ], [ 32.272410, 48.506153 ] ] } }
,
{ "type": "Feature", "properties": { "Name": "ce-f162", "Description": "cable type:\tОПТ-8Е1(8х1)-1,5 node1:\tvp1-or1 node2:\tchb1-jb1 mark1: mark2: length: install date: note:\tтехнологический запас .... другие особенности прокладки" }, "geometry": { "type": "LineString", "coordinates": [ [ 32.272415, 48.506161 ], [ 32.272459, 48.506184 ], [ 32.274543, 48.505296 ], [ 32.274153, 48.504812 ], [ 32.274211, 48.504612 ], [ 32.274228, 48.504550 ], [ 32.274766, 48.504331 ] ] } }
,
{ "type": "Feature", "properties": { "Name": "ce-f711", "Description": "Южкабель12А1 2kn" }, "geometry": { "type": "LineString", "coordinates": [ [ 32.268762, 48.511615 ], [ 32.269025, 48.511534 ], [ 32.270202, 48.510797 ], [ 32.270270, 48.510769 ], [ 32.270340, 48.510739 ], [ 32.270690, 48.510841 ], [ 32.270759, 48.510806 ], [ 32.271114, 48.510649 ] ] } }
,
{ "type": "Feature", "properties": { "Name": "ce-f712", "Description": "Южкабель12А1 2kn" }, "geometry": { "type": "LineString", "coordinates": [ [ 32.271155, 48.510634 ], [ 32.271218, 48.510603 ], [ 32.271256, 48.510647 ], [ 32.271708, 48.511373 ], [ 32.271739, 48.511436 ], [ 32.271942, 48.511624 ] ] } }
,
{ "type": "Feature", "properties": { "Name": "ce-f713", "Description": "Южкабель12А1 1,5kn" }, "geometry": { "type": "LineString", "coordinates": [ [ 32.271928, 48.511610 ], [ 32.272127, 48.511834 ], [ 32.272113, 48.511902 ], [ 32.271576, 48.512242 ], [ 32.271125, 48.512405 ], [ 32.270926, 48.512618 ], [ 32.270939, 48.512654 ], [ 32.270869, 48.512667 ], [ 32.271081, 48.512885 ], [ 32.271152, 48.512937 ], [ 32.271192, 48.512924 ], [ 32.271496, 48.513165 ], [ 32.271541, 48.513226 ] ] } }
,
{ "type": "Feature", "properties": { "Name": "ce-f141", "Description": "FinMark UT012-SM-28" }, "geometry": { "type": "LineString", "coordinates": [ [ 32.264936, 48.508417 ], [ 32.264973, 48.508464 ], [ 32.264693, 48.508565 ], [ 32.264643, 48.508527 ], [ 32.264230, 48.508855 ] ] } }
,
{ "type": "Feature", "properties": { "Name": "future1", "Description": "" }, "geometry": { "type": "LineString", "coordinates": [ [ 32.258097, 48.509850 ], [ 32.258882, 48.509491 ], [ 32.259087, 48.509668 ], [ 32.259168, 48.509661 ], [ 32.260493, 48.509833 ], [ 32.260677, 48.509839 ] ] } }
,
{ "type": "Feature", "properties": { "Name": "future2", "Description": "" }, "geometry": { "type": "LineString", "coordinates": [ [ 32.260685, 48.509838 ], [ 32.260614, 48.509939 ], [ 32.260542, 48.510533 ], [ 32.260531, 48.510730 ] ] } }

]
}
