{
"type": "FeatureCollection",
"features": [
{ "type": "Feature", "properties": { "Name": "ce1-jb1", "Description": "location:\tКалініна37 box type:\t box place: install date: power: comment:" }, "geometry": { "type": "Point", "coordinates": [ 32.258112, 48.509867, 0.000000 ] } }
,
{ "type": "Feature", "properties": { "Name": "ce1-cb1", "Description": "location:\tКалініна37 box type:\t box place: install date: power: comment:" }, "geometry": { "type": "Point", "coordinates": [ 32.258112, 48.509863, 0.000000 ] } }

]
}
