{
"type": "FeatureCollection",
"features": [
{ "type": "Feature", "properties": { "Name": "Калинина43под.2", "Description": "" }, "geometry": { "type": "LineString", "coordinates": [ [ 32.258556, 48.507769 ], [ 32.258048, 48.507128 ] ] } }
,
{ "type": "Feature", "properties": { "Name": "Калинина39-4под.2", "Description": "" }, "geometry": { "type": "LineString", "coordinates": [ [ 32.258561, 48.507752 ], [ 32.259018, 48.508347 ] ] } }
,
{ "type": "Feature", "properties": { "Name": "Островского4 под.4", "Description": "" }, "geometry": { "type": "LineString", "coordinates": [ [ 32.258577, 48.507745 ], [ 32.258835, 48.506887 ] ] } }
,
{ "type": "Feature", "properties": { "Name": "Островского 4под.1", "Description": "" }, "geometry": { "type": "LineString", "coordinates": [ [ 32.258566, 48.507766 ], [ 32.259615, 48.507109 ] ] } }
,
{ "type": "Feature", "properties": { "Name": "Островского 2", "Description": "" }, "geometry": { "type": "LineString", "coordinates": [ [ 32.258566, 48.507748 ], [ 32.259955, 48.508298 ] ] } }
