{
"type": "FeatureCollection",
"features": [
{ "type": "Feature", "properties": { "Name": "Приобр.6 под.2", "Description": "" }, "geometry": { "type": "LineString", "coordinates": [ [ 32.261487, 48.506813 ], [ 32.260614, 48.507157 ] ] } }
,
{ "type": "Feature", "properties": { "Name": "Приобр.8 под.2", "Description": "" }, "geometry": { "type": "LineString", "coordinates": [ [ 32.261508, 48.506817 ], [ 32.260491, 48.506643 ] ] } }
,
{ "type": "Feature", "properties": { "Name": "Приобр.10 под.2", "Description": "" }, "geometry": { "type": "LineString", "coordinates": [ [ 32.261508, 48.506803 ], [ 32.261173, 48.506299 ] ] } }
,
{ "type": "Feature", "properties": { "Name": "Приобр.12 под.2", "Description": "" }, "geometry": { "type": "LineString", "coordinates": [ [ 32.261492, 48.506803 ], [ 32.261919, 48.506010 ] ] } }
,
{ "type": "Feature", "properties": { "Name": "Приобр.6 под.7", "Description": "" }, "geometry": { "type": "LineString", "coordinates": [ [ 32.261477, 48.506807 ], [ 32.262088, 48.506558 ] ] } }
,
{ "type": "Feature", "properties": { "Name": "Инфоком", "Description": "" }, "geometry": { "type": "LineString", "coordinates": [ [ 32.261518, 48.506817 ], [ 32.261317, 48.507501 ] ] } }
,
{ "type": "Feature", "properties": { "Name": "К-маркса51", "Description": "" }, "geometry": { "type": "LineString", "coordinates": [ [ 32.261499, 48.506801 ], [ 32.262436, 48.506410 ], [ 32.263017, 48.506379 ], [ 32.263824, 48.506386 ], [ 32.264231, 48.506761 ] ] } }
