{
"type": "FeatureCollection",
"features": [
{ "type": "Feature", "properties": { "Name": "Тимерязева66-44", "Description": "" }, "geometry": { "type": "LineString", "coordinates": [ [ 32.264930, 48.508429 ], [ 32.265574, 48.508885 ] ] } }
,
{ "type": "Feature", "properties": { "Name": "unknown1", "Description": "" }, "geometry": { "type": "LineString", "coordinates": [ [ 32.264920, 48.508412 ], [ 32.263563, 48.508954 ] ] } }
,
{ "type": "Feature", "properties": { "Name": "Гоголя78", "Description": "" }, "geometry": { "type": "LineString", "coordinates": [ [ 32.264930, 48.508416 ], [ 32.265950, 48.507591 ] ] } }
