{
"type": "FeatureCollection",
"features": [
{ "type": "Feature", "properties": { "Name": "Пашутина-столб", "Description": "" }, "geometry": { "type": "LineString", "coordinates": [ [ 32.265940, 48.507576 ], [ 32.266389, 48.507486 ], [ 32.266643, 48.507563 ], [ 32.267193, 48.507324 ], [ 32.267415, 48.507415 ], [ 32.267640, 48.507635 ] ] } }
,
{ "type": "Feature", "properties": { "Name": "Володарского60", "Description": "" }, "geometry": { "type": "LineString", "coordinates": [ [ 32.265963, 48.507571 ], [ 32.266342, 48.507382 ], [ 32.267452, 48.507021 ], [ 32.268115, 48.506772 ], [ 32.268679, 48.506776 ], [ 32.268791, 48.506800 ] ] } }
