{
"type": "FeatureCollection",
"features": [
{ "type": "Feature", "properties": { "Name": "Гоголя101", "Description": "" }, "geometry": { "type": "LineString", "coordinates": [ [ 32.268795, 48.506795 ], [ 32.268344, 48.506953 ] ] } }
,
{ "type": "Feature", "properties": { "Name": "unknown11", "Description": "" }, "geometry": { "type": "LineString", "coordinates": [ [ 32.268805, 48.506782 ], [ 32.268610, 48.506532 ] ] } }
,
{ "type": "Feature", "properties": { "Name": "unknown12", "Description": "" }, "geometry": { "type": "LineString", "coordinates": [ [ 32.268790, 48.506795 ], [ 32.268149, 48.506788 ], [ 32.267776, 48.506927 ], [ 32.267540, 48.507011 ] ] } }
,
{ "type": "Feature", "properties": { "Name": "Володарского60 под.2", "Description": "" }, "geometry": { "type": "LineString", "coordinates": [ [ 32.268800, 48.506792 ], [ 32.269281, 48.507266 ] ] } }
,
{ "type": "Feature", "properties": { "Name": "Тимерязева71", "Description": "" }, "geometry": { "type": "LineString", "coordinates": [ [ 32.268785, 48.506819 ], [ 32.269105, 48.507146 ], [ 32.269004, 48.507816 ] ] } }
,
{ "type": "Feature", "properties": { "Name": "Тимерязева76", "Description": "" }, "geometry": { "type": "LineString", "coordinates": [ [ 32.268785, 48.506808 ], [ 32.268968, 48.507043 ], [ 32.268545, 48.507628 ] ] } }
,
{ "type": "Feature", "properties": { "Name": "Тимерязева94", "Description": "" }, "geometry": { "type": "LineString", "coordinates": [ [ 32.268810, 48.506799 ], [ 32.269288, 48.507203 ], [ 32.269736, 48.507302 ], [ 32.270525, 48.507087 ], [ 32.270620, 48.507173 ], [ 32.270645, 48.507027 ], [ 32.271038, 48.506866 ], [ 32.271104, 48.506701 ], [ 32.271502, 48.506571 ], [ 32.271809, 48.506439 ], [ 32.272392, 48.506222 ], [ 32.272419, 48.506109 ] ] } }
