{
"type": "FeatureCollection",
"features": [
{ "type": "Feature", "properties": { "Name": "unknown2", "Description": "" }, "geometry": { "type": "LineString", "coordinates": [ [ 32.269666, 48.508462 ], [ 32.269981, 48.508576 ] ] } }
,
{ "type": "Feature", "properties": { "Name": "unknown3", "Description": "" }, "geometry": { "type": "LineString", "coordinates": [ [ 32.269666, 48.508479 ], [ 32.270002, 48.507971 ] ] } }
,
{ "type": "Feature", "properties": { "Name": "unknown4", "Description": "" }, "geometry": { "type": "LineString", "coordinates": [ [ 32.269666, 48.508466 ], [ 32.269214, 48.508281 ] ] } }
,
{ "type": "Feature", "properties": { "Name": "unknown5", "Description": "" }, "geometry": { "type": "LineString", "coordinates": [ [ 32.269666, 48.508469 ], [ 32.269586, 48.508157 ] ] } }
,
{ "type": "Feature", "properties": { "Name": "unknown6", "Description": "" }, "geometry": { "type": "LineString", "coordinates": [ [ 32.269671, 48.508469 ], [ 32.269771, 48.508369 ], [ 32.269932, 48.508160 ], [ 32.270127, 48.508034 ], [ 32.270263, 48.507921 ], [ 32.270402, 48.507821 ] ] } }
,
{ "type": "Feature", "properties": { "Name": "unknown7", "Description": "" }, "geometry": { "type": "LineString", "coordinates": [ [ 32.269656, 48.508472 ], [ 32.269019, 48.508714 ], [ 32.268652, 48.509027 ] ] } }
,
{ "type": "Feature", "properties": { "Name": "unknown8", "Description": "" }, "geometry": { "type": "LineString", "coordinates": [ [ 32.269631, 48.508452 ], [ 32.268983, 48.508684 ], [ 32.268849, 48.509351 ] ] } }
