{
"type": "FeatureCollection",
"features": [
{ "type": "Feature", "properties": { "Name": "Волкова16к3", "Description": "" }, "geometry": { "type": "LineString", "coordinates": [ [ 32.225485, 48.506185 ], [ 32.225112, 48.506714 ] ] } }
,
{ "type": "Feature", "properties": { "Name": "Волкова16к2", "Description": "" }, "geometry": { "type": "LineString", "coordinates": [ [ 32.224095, 48.506661 ], [ 32.225016, 48.506503 ] ] } }
,
{ "type": "Feature", "properties": { "Name": "Волкова18к2", "Description": "" }, "geometry": { "type": "LineString", "coordinates": [ [ 32.225470, 48.506172 ], [ 32.225546, 48.505614 ] ] } }
,
{ "type": "Feature", "properties": { "Name": "Волкова16к4", "Description": "" }, "geometry": { "type": "LineString", "coordinates": [ [ 32.225485, 48.506182 ], [ 32.226259, 48.505753 ] ] } }

]
}
