{
"type": "FeatureCollection",
"features": [
{ "type": "Feature", "properties": { "Name": "chb-jb1", "Description": "Location:\tБеляева 29, корп 1 addit loc data:\t Type:\tJB-100x300 place:\tна стене, возле шкафа chb1-cb1 comment:" }, "geometry": { "type": "Point", "coordinates": [ 32.229455, 48.507402, 0.000000 ] } }
,
{ "type": "Feature", "properties": { "Name": "chb-jb2", "Description": "Location:\tБеляева 29, корп 1 addit loc data:\t Type:\tJB-100x300 place:\tна стене, возле шкафа chb1-cb1 comment:" }, "geometry": { "type": "Point", "coordinates": [ 32.224889, 48.511323, 0.000000 ] } }
,
{ "type": "Feature", "properties": { "Name": "chb-jb3", "Description": "Location:\tБеляева 29, корп 1 addit loc data:\t Type:\tJB-100x300 place:\tна стене, возле шкафа chb1-cb1 comment:" }, "geometry": { "type": "Point", "coordinates": [ 32.225460, 48.506188, 0.000000 ] } }
,
{ "type": "Feature", "properties": { "Name": "chb-jb4", "Description": "Location:\tБеляева 29, корп 1 addit loc data:\t Type:\tJB-100x300 place:\tна стене, возле шкафа chb1-cb1 comment:" }, "geometry": { "type": "Point", "coordinates": [ 32.222516, 48.512381, 0.000000 ] } }
