{
"type": "FeatureCollection",
"features": [
{ "type": "Feature", "properties": { "Name": "chb126-jb1", "Description": "Location:\tБеляева 16, корп. 1 addit loc data:\t Type:\tJB-100x300 place:\tна стене, возле шкафа chb1-cb1 comment:" }, "geometry": { "type": "Point", "coordinates": [ 32.222078, 48.507603, 0.000000 ] } }
,
{ "type": "Feature", "properties": { "Name": "chb126-cb1", "Description": "" }, "geometry": { "type": "Point", "coordinates": [ 32.222078, 48.507603, 0.000000 ] } }

]
}
