{
"type": "FeatureCollection",
"features": [
{ "type": "Feature", "properties": { "Name": "chb131-jb1", "Description": "Location:\tБеляева 10, корп. 2 addit loc data:\t Type:\tJB-100x300 place:\tна стене, возле шкафа chb1-cb1 comment:" }, "geometry": { "type": "Point", "coordinates": [ 32.226861, 48.510368, 0.000000 ] } }
,
{ "type": "Feature", "properties": { "Name": "chb131-cb1", "Description": "" }, "geometry": { "type": "Point", "coordinates": [ 32.226878, 48.510379, 0.000000 ] } }

]
}
