{
"type": "FeatureCollection",
"features": [
{ "type": "Feature", "properties": { "Name": "prpr13", "Description": "" }, "geometry": { "type": "LineString", "coordinates": [ [ 32.224349, 48.504883 ], [ 32.224110, 48.503991 ] ] } }
,
{ "type": "Feature", "properties": { "Name": "volkova20k1", "Description": "" }, "geometry": { "type": "LineString", "coordinates": [ [ 32.224332, 48.504878 ], [ 32.224239, 48.504872 ], [ 32.223620, 48.505335 ] ] } }
,
{ "type": "Feature", "properties": { "Name": "prpr14-22", "Description": "" }, "geometry": { "type": "LineString", "coordinates": [ [ 32.224306, 48.504855 ], [ 32.223502, 48.504446 ] ] } }
,
{ "type": "Feature", "properties": { "Name": "belyaeva29k2", "Description": "" }, "geometry": { "type": "LineString", "coordinates": [ [ 32.224347, 48.504849 ], [ 32.225168, 48.504460 ] ] } }
,
{ "type": "Feature", "properties": { "Name": "volkova18k1", "Description": "" }, "geometry": { "type": "LineString", "coordinates": [ [ 32.224347, 48.504872 ], [ 32.224466, 48.505130 ], [ 32.224619, 48.505654 ] ] } }
,
{ "type": "Feature", "properties": { "Name": "belyaeva27k2", "Description": "" }, "geometry": { "type": "LineString", "coordinates": [ [ 32.224329, 48.504866 ], [ 32.225669, 48.504824 ] ] } }
,
{ "type": "Feature", "properties": { "Name": "belyaeva25k2", "Description": "" }, "geometry": { "type": "LineString", "coordinates": [ [ 32.224346, 48.504866 ], [ 32.225109, 48.505208 ], [ 32.225686, 48.505180 ] ] } }
