{
"type": "FeatureCollection",
"features": [
{ "type": "Feature", "properties": { "Name": "Беляева17", "Description": "" }, "geometry": { "type": "LineString", "coordinates": [ [ 32.228247, 48.508864 ], [ 32.228307, 48.508100 ] ] } }
,
{ "type": "Feature", "properties": { "Name": "Беляева13к2", "Description": "" }, "geometry": { "type": "LineString", "coordinates": [ [ 32.228262, 48.508850 ], [ 32.226893, 48.508921 ] ] } }
,
{ "type": "Feature", "properties": { "Name": "Беляева11", "Description": "" }, "geometry": { "type": "LineString", "coordinates": [ [ 32.228252, 48.508861 ], [ 32.226926, 48.509326 ] ] } }
,
{ "type": "Feature", "properties": { "Name": "Беляева15к1", "Description": "" }, "geometry": { "type": "LineString", "coordinates": [ [ 32.228247, 48.508847 ], [ 32.227582, 48.508497 ] ] } }
