{
"type": "FeatureCollection",
"features": [
{ "type": "Feature", "properties": { "Name": "Королева38", "Description": "" }, "geometry": { "type": "LineString", "coordinates": [ [ 32.225385, 48.508563 ], [ 32.225103, 48.508047 ] ] } }
,
{ "type": "Feature", "properties": { "Name": "Королева36", "Description": "" }, "geometry": { "type": "LineString", "coordinates": [ [ 32.225370, 48.508560 ], [ 32.226371, 48.507856 ] ] } }
,
{ "type": "Feature", "properties": { "Name": "Беляева15к2", "Description": "" }, "geometry": { "type": "LineString", "coordinates": [ [ 32.225405, 48.508557 ], [ 32.226851, 48.508419 ] ] } }
,
{ "type": "Feature", "properties": { "Name": "Волкова14к1", "Description": "" }, "geometry": { "type": "LineString", "coordinates": [ [ 32.225390, 48.508547 ], [ 32.224568, 48.508843 ] ] } }
,
{ "type": "Feature", "properties": { "Name": "Волкова14к2", "Description": "" }, "geometry": { "type": "LineString", "coordinates": [ [ 32.225390, 48.508567 ], [ 32.225431, 48.509270 ] ] } }
