{
"type": "FeatureCollection",
"features": [
{ "type": "Feature", "properties": { "Name": "chb11-jb1", "Description": "Location:\tБеляева 16, корп. 1 addit loc data:\t Type:\tJB-100x300 place:\tна стене, возле шкафа chb1-cb1 comment:" }, "geometry": { "type": "Point", "coordinates": [ 32.225034, 48.506738, 0.000000 ] } }
,
{ "type": "Feature", "properties": { "Name": "chb11-cb2", "Description": "" }, "geometry": { "type": "Point", "coordinates": [ 32.225028, 48.506738, 0.000000 ] } }
,
{ "type": "Feature", "properties": { "Name": "chb11-cb1", "Description": "" }, "geometry": { "type": "Point", "coordinates": [ 32.225028, 48.506738, 0.000000 ] } }

]
}
