{
"type": "FeatureCollection",
"features": [
{ "type": "Feature", "properties": { "Name": "chb14-jb1", "Description": "Location:\tБеляева 4, корп. 1 addit loc data:\t Type:\tJB-100x300 place:\tна стене, возле шкафа chb1-cb1 comment:" }, "geometry": { "type": "Point", "coordinates": [ 32.225344, 48.512399, 0.000000 ] } }
,
{ "type": "Feature", "properties": { "Name": "chb14-cb1", "Description": "" }, "geometry": { "type": "Point", "coordinates": [ 32.225344, 48.512399, 0.000000 ] } }

]
}
