{
"type": "FeatureCollection",
"features": [
{ "type": "Feature", "properties": { "Name": "Волкова10к5", "Description": "" }, "geometry": { "type": "LineString", "coordinates": [ [ 32.225035, 48.510477 ], [ 32.225585, 48.510680 ] ] } }
,
{ "type": "Feature", "properties": { "Name": "Волкова10к1под.2", "Description": "" }, "geometry": { "type": "LineString", "coordinates": [ [ 32.225050, 48.510487 ], [ 32.224262, 48.510449 ] ] } }
,
{ "type": "Feature", "properties": { "Name": "Волкова12", "Description": "" }, "geometry": { "type": "LineString", "coordinates": [ [ 32.225041, 48.510461 ], [ 32.225119, 48.509674 ] ] } }
,
{ "type": "Feature", "properties": { "Name": "Беляева9", "Description": "" }, "geometry": { "type": "LineString", "coordinates": [ [ 32.226871, 48.510384 ], [ 32.226594, 48.509723 ] ] } }
,
{ "type": "Feature", "properties": { "Name": "Беляева7к1", "Description": "" }, "geometry": { "type": "LineString", "coordinates": [ [ 32.226871, 48.510401 ], [ 32.227474, 48.510330 ] ] } }
,
{ "type": "Feature", "properties": { "Name": "Беляева7к2", "Description": "" }, "geometry": { "type": "LineString", "coordinates": [ [ 32.226856, 48.510381 ], [ 32.227534, 48.510714 ] ] } }
