{
"type": "FeatureCollection",
"features": [
{ "type": "Feature", "properties": { "Name": "prpr11-31", "Description": "" }, "geometry": { "type": "LineString", "coordinates": [ [ 32.226966, 48.504112 ], [ 32.226459, 48.503575 ] ] } }
,
{ "type": "Feature", "properties": { "Name": "prpr12", "Description": "" }, "geometry": { "type": "LineString", "coordinates": [ [ 32.226949, 48.504118 ], [ 32.226763, 48.504107 ], [ 32.225464, 48.503964 ] ] } }
,
{ "type": "Feature", "properties": { "Name": "belyaeva27k1", "Description": "" }, "geometry": { "type": "LineString", "coordinates": [ [ 32.226974, 48.504123 ], [ 32.226890, 48.504562 ] ] } }
,
{ "type": "Feature", "properties": { "Name": "belyaeva25k1", "Description": "" }, "geometry": { "type": "LineString", "coordinates": [ [ 32.226924, 48.504135 ], [ 32.226924, 48.504635 ], [ 32.226991, 48.504962 ] ] } }
