{
"type": "FeatureCollection",
"features": [
{ "type": "Feature", "properties": { "Name": "chb3-cb1", "Description": "location:\tПроспект правды 9, корп 2 addit loc data: box type: box place: install date: power: comment:" }, "geometry": { "type": "Point", "coordinates": [ 32.229447, 48.503611, 0.000000 ] } }
,
{ "type": "Feature", "properties": { "Name": "chb3-jb1", "Description": "Location:\tПроспект Правды 9, корп 2 addit loc data:\t Type:\tJB-100x300 place:\tна стене, возле шкафа chb1-cb1 comment:" }, "geometry": { "type": "Point", "coordinates": [ 32.229466, 48.503605, 0.000000 ] } }

]
}
