{
"type": "FeatureCollection",
"features": [
{ "type": "Feature", "properties": { "Name": "chb31-cb1", "Description": "location:\tБеляува 29, корп 1 addit loc data: box type: box place: install date: power: comment:" }, "geometry": { "type": "Point", "coordinates": [ 32.231559, 48.504436, 0.000000 ] } }
,
{ "type": "Feature", "properties": { "Name": "chb31-jb1", "Description": "Location:\tБеляева 29, корп 1 addit loc data:\t Type:\tJB-100x300 place:\tна стене, возле шкафа chb1-cb1 comment:" }, "geometry": { "type": "Point", "coordinates": [ 32.231559, 48.504436, 0.000000 ] } }

]
}
