{
"type": "FeatureCollection",
"features": [
{ "type": "Feature", "properties": { "Name": "chb4-cb1", "Description": "location:\tПроспект правды 3, корп 2 addit loc data: box type: box place: install date: power: comment:" }, "geometry": { "type": "Point", "coordinates": [ 32.233439, 48.503074, 0.000000 ] } }
,
{ "type": "Feature", "properties": { "Name": "chb4-jb1", "Description": "Location:\tПроспект Правды 3, корп 2 addit loc data:\t Type:\tJB-100x300 place:\tна стене, возле шкафа chb1-cb1 comment:" }, "geometry": { "type": "Point", "coordinates": [ 32.233439, 48.503074, 0.000000 ] } }

]
}
