{
"type": "FeatureCollection",
"features": [
{ "type": "Feature", "properties": { "Name": "chb5-cb1", "Description": "location:\tКоролева 5, корп 1 addit loc data: box type: box place: install date: power: comment:" }, "geometry": { "type": "Point", "coordinates": [ 32.234895, 48.503906, 0.000000 ] } }
,
{ "type": "Feature", "properties": { "Name": "chb5-jb1", "Description": "Location:\tКоролева 5, корп 1 addit loc data:\t Type:\tJB-100x300 place:\tна стене, возле шкафа chb1-cb1 comment:" }, "geometry": { "type": "Point", "coordinates": [ 32.234887, 48.503910, 0.000000 ] } }

]
}
