{
"type": "FeatureCollection",
"features": [
{ "type": "Feature", "properties": { "Name": "ce.ext1-r1", "Description": "Фонд соціального страхування" }, "geometry": { "type": "Point", "coordinates": [ 32.262237, 48.507528, 0.000000 ] } }
,
{ "type": "Feature", "properties": { "Name": "ce.ext2-r1", "Description": "ТРК Інтер" }, "geometry": { "type": "Point", "coordinates": [ 32.266111, 48.511007, 0.000000 ] } }
,
{ "type": "Feature", "properties": { "Name": "ce.ext3-r1", "Description": "Шафа Інфокому" }, "geometry": { "type": "Point", "coordinates": [ 32.266163, 48.512670, 0.000000 ] } }
,
{ "type": "Feature", "properties": { "Name": "ce.ext4-r1", "Description": "Подпол ьное казино" }, "geometry": { "type": "Point", "coordinates": [ 32.267634, 48.511133, 0.000000 ] } }
