{
"type": "FeatureCollection",
"features": [
{ "type": "Feature", "properties": { "Name": "ce.infocom-f1", "Description": "cable type:\tFinMark UT024-SM-48 node1:\tvp1-or1 node2:\tchb1-jb1 mark1: mark2: length: install date: note:\tтехнологический запас .... другие особенности прокладки" }, "geometry": { "type": "LineString", "coordinates": [ [ 32.261286, 48.507534 ], [ 32.261278, 48.507516 ], [ 32.260938, 48.507651 ], [ 32.260859, 48.507685 ], [ 32.260892, 48.507725 ], [ 32.260943, 48.507699 ] ] } }
,
{ "type": "Feature", "properties": { "Name": "ce.shtorm-f1", "Description": "cable type:\tЮжкабель ОЦПт-12Е1(1х12)-2.0 node1:\tchb5-jb1 node2:\torev2-jb1 mark1: mark2: length: install date: note:\tтехнологический запас .... другие особенности прокладки" }, "geometry": { "type": "LineString", "coordinates": [ [ 32.262215, 48.507474 ], [ 32.262560, 48.507326 ], [ 32.262600, 48.507373 ], [ 32.262641, 48.507362 ], [ 32.263208, 48.507452 ], [ 32.263338, 48.507605 ], [ 32.263683, 48.507699 ] ] } }
,
{ "type": "Feature", "properties": { "Name": "ce.datagroup-f1", "Description": "FinMark UT08-SM-28 з відділеним тросом" }, "geometry": { "type": "LineString", "coordinates": [ [ 32.264239, 48.508847 ], [ 32.264283, 48.508841 ], [ 32.264325, 48.508893 ], [ 32.264443, 48.508874 ], [ 32.264424, 48.508856 ], [ 32.264443, 48.508843 ] ] } }
