{
"type": "FeatureCollection",
"features": [
{ "type": "Feature", "properties": { "Name": "porm.rodn-f1", "Description": "" }, "geometry": { "type": "LineString", "coordinates": [ [ 32.217731, 48.515382 ], [ 32.217376, 48.515382 ], [ 32.217303, 48.515395 ], [ 32.216992, 48.515456 ], [ 32.216868, 48.515477 ], [ 32.216660, 48.515640 ], [ 32.216525, 48.515647 ], [ 32.215946, 48.515586 ], [ 32.215038, 48.515568 ], [ 32.213827, 48.515561 ], [ 32.212350, 48.515560 ] ] } }
,
{ "type": "Feature", "properties": { "Name": "ce.pm-f1", "Description": "Южкабель ОПТ-24А6 8кН С 6-го подъезда выходит с тех этажа, идет к 7-му подъезду под бортом, откуда протянут на приоб.12 к углу тех этажа. Проходит по центру дома по тех. этажу. Выходит с тех этажа и тянется на столб возле моста. Кабель со столба тянется через мост до столба на перекрестке. Проходит через дорогу к столбу у церкви." }, "geometry": { "type": "LineString", "coordinates": [ [ 32.262305, 48.505358 ], [ 32.261880, 48.504736 ], [ 32.261617, 48.504476 ], [ 32.261414, 48.504265 ] ] } }
,
{ "type": "Feature", "properties": { "Name": "101mk.uk-f2", "Description": "cable type:\tЮжкабель ОЦПт-8Е1(1х8)-2.0 node1:\tchb5-jb1 node2:\torev2-jb1 mark1: mark2: length: install date: note:\tтехнологический запас .... другие особенности прокладки" }, "geometry": { "type": "LineString", "coordinates": [ [ 32.203816, 48.505599 ], [ 32.203872, 48.505589 ], [ 32.203913, 48.505704 ], [ 32.204888, 48.505935 ], [ 32.206015, 48.506527 ], [ 32.206769, 48.506393 ], [ 32.207181, 48.506304 ] ] } }
,
{ "type": "Feature", "properties": { "Name": "uk.101mk-f1", "Description": "cable type:\tЮжкабель ОЦПт-8Е1(1х8)-2.0 node1:\tchb5-jb1 node2:\torev2-jb1 mark1: mark2: length: install date: note:\tтехнологический запас .... другие особенности прокладки" }, "geometry": { "type": "LineString", "coordinates": [ [ 32.204442, 48.504932 ], [ 32.204430, 48.504903 ], [ 32.204773, 48.504854 ], [ 32.204759, 48.504813 ], [ 32.206186, 48.502722 ], [ 32.206163, 48.502642 ], [ 32.206216, 48.502634 ], [ 32.206225, 48.502649 ] ] } }
,
{ "type": "Feature", "properties": { "Name": "pp.uk-f1", "Description": "cable type:\tЮжкабель ОЦПт-8Е1(1х8)-2.0 node1:\tchb5-jb1 node2:\torev2-jb1 mark1: mark2: length: install date: note:\tтехнологический запас .... другие особенности прокладки" }, "geometry": { "type": "LineString", "coordinates": [ [ 32.207567, 48.500273 ], [ 32.207807, 48.500047 ], [ 32.208478, 48.499920 ], [ 32.208909, 48.500042 ], [ 32.208881, 48.500094 ], [ 32.209802, 48.500362 ], [ 32.210440, 48.500000 ], [ 32.212111, 48.500186 ], [ 32.212137, 48.500147 ], [ 32.212219, 48.500171 ], [ 32.212201, 48.500194 ], [ 32.212302, 48.500228 ] ] } }
,
{ "type": "Feature", "properties": { "Name": "chb.rodn-f1", "Description": "cable type:\tЮжкабель ОЦПт-12Е1(1х12)-2.0 node1:\tchb5-jb1 node2:\torev2-jb1 mark1: mark2: length: install date: note:\tтехнологический запас .... другие особенности прокладки" }, "geometry": { "type": "LineString", "coordinates": [ [ 32.224908, 48.511320 ], [ 32.224395, 48.511274 ], [ 32.224332, 48.511298 ], [ 32.224296, 48.511368 ], [ 32.224137, 48.511368 ], [ 32.224065, 48.511409 ], [ 32.223932, 48.511415 ], [ 32.223920, 48.511544 ], [ 32.223867, 48.511533 ], [ 32.223140, 48.511585 ], [ 32.223064, 48.511903 ], [ 32.222887, 48.512020 ], [ 32.222862, 48.512331 ], [ 32.222586, 48.512392 ], [ 32.222587, 48.513395 ], [ 32.219538, 48.514508 ], [ 32.219371, 48.514570 ], [ 32.219320, 48.514583 ] ] } }
,
{ "type": "Feature", "properties": { "Name": "chb.rodn-f1-1", "Description": "cable type:\tFinMark UT008-SM-48 node1:\tchb5-jb1 node2:\torev2-jb1 mark1: mark2: length: install date: note:\tтехнологический запас .... другие особенности прокладки" }, "geometry": { "type": "LineString", "coordinates": [ [ 32.222523, 48.512383 ], [ 32.221509, 48.513384 ], [ 32.221041, 48.513625 ], [ 32.220954, 48.513933 ], [ 32.219406, 48.514509 ], [ 32.219320, 48.514583 ] ] } }
,
{ "type": "Feature", "properties": { "Name": "pj.js-f1", "Description": "cable type:\tОПТ-12Е1(12х1)-2,0 node1:\tvp1-or1 node2:\tchb1-jb1 mark1: mark2: length: install date: note:\tтехнологический запас .... другие особенности прокладки" }, "geometry": { "type": "LineString", "coordinates": [ [ 32.203269, 48.496921 ], [ 32.203200, 48.496875 ], [ 32.203081, 48.496807 ], [ 32.202680, 48.496318 ], [ 32.202505, 48.496279 ], [ 32.202119, 48.496101 ], [ 32.202003, 48.496062 ], [ 32.201956, 48.495985 ], [ 32.201956, 48.495861 ], [ 32.202084, 48.495622 ], [ 32.202118, 48.495522 ], [ 32.202048, 48.495430 ], [ 32.202012, 48.495353 ], [ 32.201626, 48.495236 ] ] } }
,
{ "type": "Feature", "properties": { "Name": "pp.pj-f1", "Description": "cable type:\tUT008-SM-03 node1:\tchb5-jb1 node2:\torev2-jb1 mark1: mark2: length: install date: note:\tтехнологический запас .... другие особенности прокладки" }, "geometry": { "type": "LineString", "coordinates": [ [ 32.203346, 48.496932 ], [ 32.203429, 48.496957 ], [ 32.203302, 48.497168 ], [ 32.204190, 48.497811 ], [ 32.204494, 48.498512 ], [ 32.204951, 48.498724 ], [ 32.205302, 48.498872 ], [ 32.205650, 48.499038 ], [ 32.206002, 48.499193 ], [ 32.206332, 48.499331 ], [ 32.206674, 48.499484 ], [ 32.207002, 48.499624 ], [ 32.207377, 48.499727 ], [ 32.208043, 48.499792 ], [ 32.208912, 48.500040 ], [ 32.208883, 48.500095 ], [ 32.209803, 48.500357 ], [ 32.210440, 48.499998 ], [ 32.212111, 48.500188 ], [ 32.212138, 48.500148 ], [ 32.212224, 48.500170 ], [ 32.212203, 48.500195 ], [ 32.212317, 48.500232 ] ] } }
,
{ "type": "Feature", "properties": { "Name": "kov.ce-f1", "Description": "cable type:\tЮжкабель ОЦПт-12Е1(1х12)-2.0 node1:\tchb5-jb1 node2:\torev2-jb1 mark1: mark2: length: install date: note:\tтехнологический запас .... другие особенности прокладки" }, "geometry": { "type": "LineString", "coordinates": [ [ 32.254305, 48.512413 ], [ 32.254406, 48.512341 ], [ 32.254410, 48.512297 ], [ 32.254595, 48.512128 ], [ 32.254724, 48.511610 ], [ 32.254983, 48.511399 ], [ 32.255294, 48.511165 ], [ 32.255597, 48.510938 ], [ 32.255911, 48.510750 ], [ 32.256328, 48.510574 ], [ 32.256702, 48.510353 ], [ 32.257023, 48.510178 ], [ 32.257500, 48.510185 ], [ 32.257652, 48.510211 ], [ 32.258220, 48.509794 ] ] } }
,
{ "type": "Feature", "properties": { "Name": "orev.kov-f1", "Description": "cable type:\tЮжкабель ОЦПт-12Е1(1х12)-2.0 node1:\torev1-cb1 node2:\tkov1-cb1 mark1: mark2: length: install date: note:\tтехнологический запас .... другие особенности прокладки" }, "geometry": { "type": "LineString", "coordinates": [ [ 32.248563, 48.512797 ], [ 32.251070, 48.515249 ], [ 32.251674, 48.515027 ] ] } }
,
{ "type": "Feature", "properties": { "Name": "vp.pp-f1", "Description": "cable type:\tЮжкабель ОЦПт-12Е1(1х12)-2.0 node1:\tchb5-jb1 node2:\torev2-jb1 mark1: mark2: length: install date: note:\tтехнологический запас .... другие особенности прокладки" }, "geometry": { "type": "LineString", "coordinates": [ [ 32.216231, 48.497797 ], [ 32.216023, 48.498120 ], [ 32.216083, 48.498154 ], [ 32.216395, 48.498466 ], [ 32.216459, 48.498506 ], [ 32.216433, 48.498551 ], [ 32.216497, 48.498594 ], [ 32.217218, 48.499528 ], [ 32.217198, 48.499581 ], [ 32.217730, 48.499734 ] ] } }
,
{ "type": "Feature", "properties": { "Name": "vp.pp-f2", "Description": "cable type:\tЮжкабель ОЦПт-12Е1(1х12)-1.5 node1:\tchb5-jb1 node2:\torev2-jb1 mark1: mark2: length: install date: note:\tтехнологический запас .... другие особенности прокладки" }, "geometry": { "type": "LineString", "coordinates": [ [ 32.216511, 48.501477 ], [ 32.215748, 48.501268 ], [ 32.215415, 48.501171 ], [ 32.214081, 48.501205 ], [ 32.213172, 48.500960 ] ] } }
,
{ "type": "Feature", "properties": { "Name": "chb.orev-f1", "Description": "cable type:\tЮжкабель ОЦПт-12Е1(1х12)-2.0 node1:\tchb5-jb1 node2:\torev2-jb1 mark1: mark2: length: install date: note:\tтехнологический запас .... другие особенности прокладки" }, "geometry": { "type": "LineString", "coordinates": [ [ 32.234891, 48.503906 ], [ 32.235193, 48.504375 ], [ 32.235394, 48.505090 ], [ 32.235924, 48.505129 ], [ 32.236256, 48.505270 ], [ 32.236722, 48.505291 ] ] } }
,
{ "type": "Feature", "properties": { "Name": "vp.chb-f1", "Description": "cable type:\tОПТ-24Е4(4х6)-4,0 node1:\tvp1-or1 node2:\tchb1-jb1 mark1: mark2: length: install date: note:\tтехнологический запас .... другие особенности прокладки" }, "geometry": { "type": "LineString", "coordinates": [ [ 32.222919, 48.502702 ], [ 32.222934, 48.502767 ], [ 32.222957, 48.503108 ], [ 32.223006, 48.503244 ], [ 32.223088, 48.503443 ], [ 32.223260, 48.503589 ], [ 32.223315, 48.503819 ], [ 32.223524, 48.504060 ], [ 32.223756, 48.504546 ], [ 32.224392, 48.504815 ], [ 32.224499, 48.504947 ] ] } }
,
{ "type": "Feature", "properties": { "Name": "101mk.murm-f1", "Description": "cable type:\tЮжкабель ОЦПт-12Е1(1х12)-2.0 node1:\tchb5-jb1 node2:\torev2-jb1 mark1: mark2: length: install date: note:\tтехнологический запас .... другие особенности прокладки" }, "geometry": { "type": "LineString", "coordinates": [ [ 32.201572, 48.506221 ], [ 32.200565, 48.507118 ], [ 32.196730, 48.507754 ], [ 32.196749, 48.507936 ], [ 32.196613, 48.508119 ], [ 32.195419, 48.508262 ], [ 32.194591, 48.508253 ], [ 32.191866, 48.508639 ], [ 32.181439, 48.510197 ] ] } }
,
{ "type": "Feature", "properties": { "Name": "pj.js-f2", "Description": "cable type:\tЮжкабель ОЦПт-8A1(1х8)-8.0 node1:\tchb5-jb1 node2:\torev2-jb1 mark1: mark2: length: install date: note:\tНавузллі pj5 залишено запас 25м на випадок його перенесеня до першого підїзду" }, "geometry": { "type": "LineString", "coordinates": [ [ 32.205735, 48.492640 ], [ 32.205290, 48.492521 ], [ 32.204865, 48.492462 ], [ 32.204245, 48.492362 ], [ 32.204051, 48.492300 ], [ 32.204034, 48.492218 ], [ 32.203818, 48.492147 ], [ 32.203833, 48.492120 ], [ 32.203808, 48.492109 ] ] } }
,
{ "type": "Feature", "properties": { "Name": "pm.tpg-f1", "Description": "" }, "geometry": { "type": "LineString", "coordinates": [ [ 32.257829, 48.502164 ], [ 32.257407, 48.502374 ], [ 32.257368, 48.502532 ], [ 32.256804, 48.502519 ], [ 32.256152, 48.502549 ], [ 32.255550, 48.502547 ], [ 32.255439, 48.502699 ], [ 32.255598, 48.502913 ] ] } }

]
}
