{
"type": "FeatureCollection",
"features": [
{ "type": "Feature", "properties": { "Name": "js-f1", "Description": "cable type:\tОПТ-8Е1(1х8)-4,0 node1:\tvp1-or1 node2:\tchb1-jb1 mark1: mark2: length: install date: note:\tтехнологический запас .... другие особенности прокладки" }, "geometry": { "type": "LineString", "coordinates": [ [ 32.201635, 48.495240 ], [ 32.201510, 48.495215 ], [ 32.201460, 48.495152 ], [ 32.201414, 48.493720 ], [ 32.201493, 48.493623 ], [ 32.201358, 48.493437 ], [ 32.201313, 48.493333 ], [ 32.201358, 48.493222 ] ] } }
,
{ "type": "Feature", "properties": { "Name": "js-f2", "Description": "cable type:\tОПТ-8Е1(1х8)-2,0 node1:\tvp1-or1 node2:\tchb1-jb1 mark1: mark2: length: install date: note:\tтехнологический запас .... другие особенности прокладки" }, "geometry": { "type": "LineString", "coordinates": [ [ 32.201372, 48.493235 ], [ 32.201396, 48.493211 ], [ 32.201519, 48.493007 ], [ 32.201488, 48.492941 ], [ 32.200382, 48.492131 ], [ 32.200226, 48.492087 ], [ 32.199728, 48.491940 ], [ 32.199674, 48.491922 ], [ 32.199652, 48.491941 ] ] } }
,
{ "type": "Feature", "properties": { "Name": "js-f3", "Description": "Южкабель4А1 1,5kn" }, "geometry": { "type": "LineString", "coordinates": [ [ 32.199652, 48.491941 ], [ 32.199571, 48.491919 ], [ 32.199594, 48.491886 ], [ 32.199349, 48.491400 ], [ 32.199277, 48.491379 ] ] } }
,
{ "type": "Feature", "properties": { "Name": "js-f4", "Description": "Finmark UT004-SM-48" }, "geometry": { "type": "LineString", "coordinates": [ [ 32.199270, 48.491374 ], [ 32.199199, 48.491350 ], [ 32.199213, 48.491331 ], [ 32.198003, 48.490798 ], [ 32.197913, 48.490764 ] ] } }
,
{ "type": "Feature", "properties": { "Name": "js-f5", "Description": "ОЦПт-4А1(1х4)-2.0" }, "geometry": { "type": "LineString", "coordinates": [ [ 32.203808, 48.492103 ], [ 32.203761, 48.492089 ], [ 32.203793, 48.492038 ], [ 32.203770, 48.492024 ], [ 32.203605, 48.491303 ], [ 32.203638, 48.491291 ], [ 32.203662, 48.491266 ], [ 32.203575, 48.491242 ], [ 32.203047, 48.491091 ] ] } }
,
{ "type": "Feature", "properties": { "Name": "js-f6", "Description": "Южкабель4А1 1,5kn" }, "geometry": { "type": "LineString", "coordinates": [ [ 32.203015, 48.491101 ], [ 32.202966, 48.491088 ], [ 32.202960, 48.491096 ], [ 32.202881, 48.491074 ], [ 32.202895, 48.491057 ], [ 32.202385, 48.490869 ], [ 32.202376, 48.490891 ], [ 32.201830, 48.490733 ], [ 32.201824, 48.490738 ], [ 32.201725, 48.490711 ], [ 32.201727, 48.490703 ], [ 32.201545, 48.490649 ], [ 32.201460, 48.490670 ], [ 32.201448, 48.490680 ], [ 32.201300, 48.490639 ], [ 32.201340, 48.490589 ] ] } }

]
}
