{
"type": "FeatureCollection",
"features": [
{ "type": "Feature", "properties": { "Name": "jadova20k1p3", "Description": "" }, "geometry": { "type": "LineString", "coordinates": [ [ 32.201535, 48.495272 ], [ 32.201936, 48.495840 ] ] } }
,
{ "type": "Feature", "properties": { "Name": "jadova20k1p2", "Description": "" }, "geometry": { "type": "LineString", "coordinates": [ [ 32.201476, 48.495224 ], [ 32.201661, 48.496000 ], [ 32.201746, 48.496039 ] ] } }
,
{ "type": "Feature", "properties": { "Name": "jadova22", "Description": "" }, "geometry": { "type": "LineString", "coordinates": [ [ 32.201515, 48.495251 ], [ 32.201455, 48.495133 ], [ 32.201341, 48.494772 ], [ 32.201314, 48.494697 ] ] } }
