{
"type": "FeatureCollection",
"features": [
{ "type": "Feature", "properties": { "Name": "jadova30pod5", "Description": "" }, "geometry": { "type": "LineString", "coordinates": [ [ 32.201364, 48.493223 ], [ 32.201818, 48.492594 ] ] } }
,
{ "type": "Feature", "properties": { "Name": "jadova30pod6", "Description": "" }, "geometry": { "type": "LineString", "coordinates": [ [ 32.201364, 48.493230 ], [ 32.201673, 48.492872 ] ] } }
,
{ "type": "Feature", "properties": { "Name": "jadova28k3", "Description": "" }, "geometry": { "type": "LineString", "coordinates": [ [ 32.201399, 48.493234 ], [ 32.202260, 48.493350 ] ] } }
,
{ "type": "Feature", "properties": { "Name": "jadova28k2pod2", "Description": "" }, "geometry": { "type": "LineString", "coordinates": [ [ 32.201392, 48.493223 ], [ 32.202992, 48.493292 ] ] } }
,
{ "type": "Feature", "properties": { "Name": "jadova28k1", "Description": "" }, "geometry": { "type": "LineString", "coordinates": [ [ 32.201367, 48.493231 ], [ 32.201393, 48.493668 ] ] } }
