{
"type": "FeatureCollection",
"features": [
{ "type": "Feature", "properties": { "Name": "gst28k2", "Description": "" }, "geometry": { "type": "LineString", "coordinates": [ [ 32.199666, 48.491945 ], [ 32.200234, 48.492226 ] ] } }
,
{ "type": "Feature", "properties": { "Name": "gst30", "Description": "" }, "geometry": { "type": "LineString", "coordinates": [ [ 32.199645, 48.491912 ], [ 32.199405, 48.491184 ] ] } }
,
{ "type": "Feature", "properties": { "Name": "gst30k1", "Description": "" }, "geometry": { "type": "LineString", "coordinates": [ [ 32.199640, 48.491925 ], [ 32.198896, 48.491875 ] ] } }
