{
"type": "FeatureCollection",
"features": [
{ "type": "Feature", "properties": { "Name": "gst32pod2", "Description": "" }, "geometry": { "type": "LineString", "coordinates": [ [ 32.197906, 48.490761 ], [ 32.199031, 48.490616 ] ] } }
,
{ "type": "Feature", "properties": { "Name": "gst32pod5", "Description": "" }, "geometry": { "type": "LineString", "coordinates": [ [ 32.197928, 48.490752 ], [ 32.199042, 48.490076 ] ] } }
,
{ "type": "Feature", "properties": { "Name": "gst36k2", "Description": "" }, "geometry": { "type": "LineString", "coordinates": [ [ 32.197917, 48.490758 ], [ 32.196708, 48.490372 ] ] } }
,
{ "type": "Feature", "properties": { "Name": "gst36", "Description": "" }, "geometry": { "type": "LineString", "coordinates": [ [ 32.197912, 48.490755 ], [ 32.197498, 48.490062 ] ] } }
,
{ "type": "Feature", "properties": { "Name": "gst38", "Description": "" }, "geometry": { "type": "LineString", "coordinates": [ [ 32.197921, 48.490768 ], [ 32.197033, 48.490825 ] ] } }
