{
"type": "FeatureCollection",
"features": [
{ "type": "Feature", "properties": { "Name": "gst26pod7", "Description": "" }, "geometry": { "type": "LineString", "coordinates": [ [ 32.203803, 48.492111 ], [ 32.204275, 48.491384 ] ] } }
,
{ "type": "Feature", "properties": { "Name": "gst26pod11", "Description": "" }, "geometry": { "type": "LineString", "coordinates": [ [ 32.203818, 48.492092 ], [ 32.203371, 48.491182 ] ] } }
,
{ "type": "Feature", "properties": { "Name": "gst26pod4", "Description": "" }, "geometry": { "type": "LineString", "coordinates": [ [ 32.203815, 48.492095 ], [ 32.204530, 48.491887 ] ] } }
,
{ "type": "Feature", "properties": { "Name": "gst26k1pod2", "Description": "" }, "geometry": { "type": "LineString", "coordinates": [ [ 32.202604, 48.491940 ], [ 32.203810, 48.492092 ] ] } }
,
{ "type": "Feature", "properties": { "Name": "jadova30pod2", "Description": "" }, "geometry": { "type": "LineString", "coordinates": [ [ 32.202767, 48.492518 ], [ 32.203801, 48.492095 ] ] } }
,
{ "type": "Feature", "properties": { "Name": "jadova28k1-1", "Description": "" }, "geometry": { "type": "LineString", "coordinates": [ [ 32.203808, 48.492108 ], [ 32.203732, 48.493101 ] ] } }
