{
"type": "FeatureCollection",
"features": [
{ "type": "Feature", "properties": { "Name": "gst26k1", "Description": "" }, "geometry": { "type": "LineString", "coordinates": [ [ 32.201367, 48.490591 ], [ 32.201562, 48.491888 ] ] } }
,
{ "type": "Feature", "properties": { "Name": "Gs28pod2", "Description": "" }, "geometry": { "type": "LineString", "coordinates": [ [ 32.201355, 48.490595 ], [ 32.202241, 48.491240 ] ] } }
,
{ "type": "Feature", "properties": { "Name": "gst28pod5", "Description": "" }, "geometry": { "type": "LineString", "coordinates": [ [ 32.201344, 48.490591 ], [ 32.202084, 48.490740 ] ] } }
,
{ "type": "Feature", "properties": { "Name": "gst30pod2", "Description": "" }, "geometry": { "type": "LineString", "coordinates": [ [ 32.201308, 48.490584 ], [ 32.200047, 48.490470 ] ] } }
,
{ "type": "Feature", "properties": { "Name": "gst28pod7", "Description": "" }, "geometry": { "type": "LineString", "coordinates": [ [ 32.201355, 48.490591 ], [ 32.200844, 48.490439 ] ] } }
