{
"type": "FeatureCollection",
"features": [
{ "type": "Feature", "properties": { "Name": "tpg-jb1", "Description": "location:\tПреображенська, буд 6 box type:\t box place: install date: power: comment:" }, "geometry": { "type": "Point", "coordinates": [ 32.248006, 48.501740, 0.000000 ] } }
,
{ "type": "Feature", "properties": { "Name": "tpg-jb2", "Description": "location:\tПреображенська, буд 6 box type:\t box place: install date: power: comment:" }, "geometry": { "type": "Point", "coordinates": [ 32.244485, 48.500972, 0.000000 ] } }

]
}
