{
"type": "FeatureCollection",
"features": [
{ "type": "Feature", "properties": { "Name": "101mk-jb2", "Description": "Location:\tГ.Сталинграда 4 Box type:\tтр. уточнение Box place:\tподставка Power:\tтр. уточнение" }, "geometry": { "type": "Point", "coordinates": [ 32.201580, 48.506230, 0.000000 ] } }
,
{ "type": "Feature", "properties": { "Name": "101mk-jb1", "Description": "Location:\tГ.Сталинграда 4 Box type:\tтр. уточнение Box place:\tподставка Power:\tтр. уточнение" }, "geometry": { "type": "Point", "coordinates": [ 32.204442, 48.504945, 0.000000 ] } }
