{
"type": "FeatureCollection",
"features": [
{ "type": "Feature", "properties": { "Name": "kov38-jb1", "Description": "Location:\tВолкова 20, корп 1 addit loc data:\t Type:\tJB-100x300 place:\tна стене, возле шкафа chb1-cb1 comment:" }, "geometry": { "type": "Point", "coordinates": [ 32.256766, 48.522995, 0.000000 ] } }
,
{ "type": "Feature", "properties": { "Name": "kov36-jb1", "Description": "Location:\tВолкова 20, корп 1 addit loc data:\t Type:\tJB-100x300 place:\tна стене, возле шкафа chb1-cb1 comment:" }, "geometry": { "type": "Point", "coordinates": [ 32.252204, 48.520975, 0.000000 ] } }
,
{ "type": "Feature", "properties": { "Name": "kov35-jb1", "Description": "Location:\tВолкова 20, корп 1 addit loc data:\t Type:\tJB-100x300 place:\tна стене, возле шкафа chb1-cb1 comment:" }, "geometry": { "type": "Point", "coordinates": [ 32.253217, 48.519517, 0.000000 ] } }
,
{ "type": "Feature", "properties": { "Name": "kov34-jb1", "Description": "Location:\tВолкова 20, корп 1 addit loc data:\t Type:\tJB-100x300 place:\tна стене, возле шкафа chb1-cb1 comment:" }, "geometry": { "type": "Point", "coordinates": [ 32.249762, 48.519288, 0.000000 ] } }
,
{ "type": "Feature", "properties": { "Name": "kov33-jb1", "Description": "Location:\tВолкова 20, корп 1 addit loc data:\t Type:\tJB-100x300 place:\tна стене, возле шкафа chb1-cb1 comment:" }, "geometry": { "type": "Point", "coordinates": [ 32.251950, 48.517994, 0.000000 ] } }
,
{ "type": "Feature", "properties": { "Name": "kov32-jb1", "Description": "Location:\tВолкова 20, корп 1 addit loc data:\t Type:\tJB-100x300 place:\tна стене, возле шкафа chb1-cb1 comment:" }, "geometry": { "type": "Point", "coordinates": [ 32.248838, 48.517689, 0.000000 ] } }
,
{ "type": "Feature", "properties": { "Name": "kov31-jb1", "Description": "Location:\tВолкова 20, корп 1 addit loc data:\t Type:\tJB-100x300 place:\tна стене, возле шкафа chb1-cb1 comment:" }, "geometry": { "type": "Point", "coordinates": [ 32.250087, 48.516189, 0.000000 ] } }
