{
"type": "FeatureCollection",
"features": [
{ "type": "Feature", "properties": { "Name": "kov2-jb1", "Description": "Location:\tВолкова 20, корп 1 addit loc data:\t Type:\tJB-100x300 place:\tна стене, возле шкафа chb1-cb1 comment:" }, "geometry": { "type": "Point", "coordinates": [ 32.254068, 48.512444, 0.000000 ] } }
,
{ "type": "Feature", "properties": { "Name": "kov2-cb1", "Description": "Location:\tВолкова 20, корп 1 addit loc data:\t Type:\tJB-100x300 place:\tна стене, возле шкафа chb1-cb1 comment:" }, "geometry": { "type": "Point", "coordinates": [ 32.254066, 48.512444, 0.000000 ] } }

]
}
