{
"type": "FeatureCollection",
"features": [
{ "type": "Feature", "properties": { "Name": "kov4-cb1", "Description": "Location:\tВолкова 20, корп 1 addit loc data:\t Type:\tJB-100x300 place:\tна стене, возле шкафа chb1-cb1 comment:" }, "geometry": { "type": "Point", "coordinates": [ 32.256211, 48.518907, 0.000000 ] } }
,
{ "type": "Feature", "properties": { "Name": "kov4-jb1", "Description": "Location:\tВолкова 20, корп 1 addit loc data:\t Type:\tJB-100x300 place:\tна стене, возле шкафа chb1-cb1 comment:" }, "geometry": { "type": "Point", "coordinates": [ 32.256241, 48.518932, 0.000000 ] } }

]
}
