{
"type": "FeatureCollection",
"features": [
{ "type": "Feature", "properties": { "Name": "krr1-cb1", "Description": "Location:\tВолкова 28, корп 1 Box type:\tтр. уточнение Box place:\tстена Power:\tтр. уточнение" }, "geometry": { "type": "Point", "coordinates": [ 32.234903, 48.497448, 0.000000 ] } }
,
{ "type": "Feature", "properties": { "Name": "krr1-jb1", "Description": "Location:\tВолкова 28, корп 1 Box type:\tтр. уточнение Box place:\tстена Power:\tтр. уточнение" }, "geometry": { "type": "Point", "coordinates": [ 32.234890, 48.497449, 0.000000 ] } }

]
}
