{
"type": "FeatureCollection",
"features": [
{ "type": "Feature", "properties": { "Name": "krr2-cb1", "Description": "Location:\tВолкова 28, корп 1 Box type:\tтр. уточнение Box place:\tстена Power:\tтр. уточнение" }, "geometry": { "type": "Point", "coordinates": [ 32.237206, 48.498277, 0.000000 ] } }
,
{ "type": "Feature", "properties": { "Name": "krr2-jb1", "Description": "Location:\tВолкова 28, корп 1 Box type:\tтр. уточнение Box place:\tстена Power:\tтр. уточнение" }, "geometry": { "type": "Point", "coordinates": [ 32.237219, 48.498276, 0.000000 ] } }

]
}
