{
"type": "FeatureCollection",
"features": [
{ "type": "Feature", "properties": { "Name": "krr3-cb1", "Description": "Location:\tВолкова 28, корп 1 Box type:\tтр. уточнение Box place:\tстена Power:\tтр. уточнение" }, "geometry": { "type": "Point", "coordinates": [ 32.236064, 48.496317, 0.000000 ] } }
,
{ "type": "Feature", "properties": { "Name": "krr3-jb1", "Description": "Location:\tВолкова 28, корп 1 Box type:\tтр. уточнение Box place:\tстена Power:\tтр. уточнение" }, "geometry": { "type": "Point", "coordinates": [ 32.236064, 48.496326, 0.000000 ] } }

]
}
