{
"type": "FeatureCollection",
"features": [
{ "type": "Feature", "properties": { "Name": "krr4-cb1", "Description": "Location:\tВолкова 28, корп 1 Box type:\tтр. уточнение Box place:\tстена Power:\tтр. уточнение" }, "geometry": { "type": "Point", "coordinates": [ 32.239291, 48.496664, 0.000000 ] } }
,
{ "type": "Feature", "properties": { "Name": "krr4-jb1", "Description": "Location:\tВолкова 28, корп 1 Box type:\tтр. уточнение Box place:\tстена Power:\tтр. уточнение" }, "geometry": { "type": "Point", "coordinates": [ 32.239304, 48.496664, 0.000000 ] } }

]
}
