{
"type": "FeatureCollection",
"features": [
{ "type": "Feature", "properties": { "Name": "krr5-cb1", "Description": "Location:\tВолкова 28, корп 1 Box type:\tтр. уточнение Box place:\tстена Power:\tтр. уточнение" }, "geometry": { "type": "Point", "coordinates": [ 32.240755, 48.498305, 0.000000 ] } }
,
{ "type": "Feature", "properties": { "Name": "krr5-jb1", "Description": "Location:\tВолкова 28, корп 1 Box type:\tтр. уточнение Box place:\tстена Power:\tтр. уточнение" }, "geometry": { "type": "Point", "coordinates": [ 32.240755, 48.498305, 0.000000 ] } }

]
}
