{
"type": "FeatureCollection",
"features": [
{ "type": "Feature", "properties": { "Name": "orev-f1", "Description": "cable type:\tFinMark UT16-SM-28 node1:\torev2-jb1 node2:\torev1-jb1 mark1: mark2: length: install date: note:\tтехнологический запас .... другие особенности прокладки" }, "geometry": { "type": "LineString", "coordinates": [ [ 32.236714, 48.505292 ], [ 32.237904, 48.505300 ], [ 32.238598, 48.504650 ] ] } }
,
{ "type": "Feature", "properties": { "Name": "orev-f2", "Description": "cable type:\tElsacor OP-012-SM652D-1,5kN node1:\torev1-cb1 node2:\torev-jb1 mark1: mark2: length: install date: note:\tтехнологический запас .... другие особенности прокладки" }, "geometry": { "type": "LineString", "coordinates": [ [ 32.238604, 48.504652 ], [ 32.239795, 48.504859 ], [ 32.239797, 48.504862 ] ] } }
,
{ "type": "Feature", "properties": { "Name": "orev-f22", "Description": "cable type:\tElsacor OP-012-SM652D-1,5kN node1:\torev-jb1 node2:\torev3-jb1 mark1: mark2: length: install date: note:\tтехнологический запас .... другие особенности прокладки" }, "geometry": { "type": "LineString", "coordinates": [ [ 32.239808, 48.504862 ], [ 32.239874, 48.505323 ], [ 32.240164, 48.505323 ], [ 32.240164, 48.505275 ] ] } }
,
{ "type": "Feature", "properties": { "Name": "orev-f3", "Description": "cable type:\tЮжкабель ОЦПт-12Е1(1х12)-2.0 node1:\torev-jb1 node2:\torev3-jb1 mark1: mark2: length: install date: note:\tтехнологический запас .... другие особенности прокладки" }, "geometry": { "type": "LineString", "coordinates": [ [ 32.239796, 48.504861 ], [ 32.239937, 48.504908 ], [ 32.240708, 48.505419 ], [ 32.240998, 48.505725 ], [ 32.241415, 48.506164 ] ] } }
,
{ "type": "Feature", "properties": { "Name": "orev-f4", "Description": "cable type:\tЮжкабель ОЦПт-8Е1(1х8)-2.0 node1:\torev3-jb1 node2:\torev4-jb1 mark1: mark2: length: install date: note:\tтехнологический запас .... другие особенности прокладки" }, "geometry": { "type": "LineString", "coordinates": [ [ 32.241406, 48.506158 ], [ 32.241610, 48.506326 ], [ 32.241920, 48.506264 ], [ 32.242144, 48.506197 ], [ 32.242894, 48.506935 ], [ 32.243164, 48.507211 ], [ 32.244139, 48.508174 ], [ 32.244664, 48.508056 ], [ 32.244742, 48.508051 ], [ 32.244966, 48.508230 ] ] } }
,
{ "type": "Feature", "properties": { "Name": "orev-f5", "Description": "cable type:\tЮжкабель ОЦПт-8Е1(1х8)-2.0 node1:\torev-jb3 node2:\torev4-jb1 mark1: mark2: length: i nstall date: note:\tтехнологический запас .... другие особенности прокладки" }, "geometry": { "type": "LineString", "coordinates": [ [ 32.243574, 48.508737 ], [ 32.243600, 48.508764 ], [ 32.243703, 48.508732 ], [ 32.244793, 48.508365 ], [ 32.244872, 48.508339 ], [ 32.244847, 48.508304 ] ] } }
,
{ "type": "Feature", "properties": { "Name": "orev-f55", "Description": "ОКOKL8система-ОКЛ8-M(8,0) PП-8eе" }, "geometry": { "type": "LineString", "coordinates": [ [ 32.243572, 48.508716 ], [ 32.243407, 48.508570 ], [ 32.243356, 48.508579 ], [ 32.243296, 48.508518 ], [ 32.242391, 48.508771 ], [ 32.242383, 48.508772 ] ] } }
,
{ "type": "Feature", "properties": { "Name": "orev-f6", "Description": "cable type:\tЮжкабель ОЦПт-8Е1(1х8)-2.0 node1:\torev-jb3 node2:\torev6-jb1 mark1: mark2: length: install date: note:\tтехнологический запас .... другие особенности прокладки" }, "geometry": { "type": "LineString", "coordinates": [ [ 32.244966, 48.508225 ], [ 32.244781, 48.508016 ], [ 32.244849, 48.507806 ], [ 32.244900, 48.507712 ], [ 32.244990, 48.507593 ], [ 32.245208, 48.507186 ] ] } }
,
{ "type": "Feature", "properties": { "Name": "orev-f7", "Description": "cable type:\tЮжкабель ОЦПт-8Е1(1х8)-2.0 node1:\torev5-jb1 node2:\torev7-jb1 mark1: mark2: length: install date: note:\tтехнологический запас .... другие особенности прокладки" }, "geometry": { "type": "LineString", "coordinates": [ [ 32.245527, 48.508852 ], [ 32.245810, 48.509121 ], [ 32.247206, 48.509477 ] ] } }
,
{ "type": "Feature", "properties": { "Name": "orev-f8", "Description": "cable type:\tЮжкабель ОЦПт-8Е1(1х8)-2.0 node1:\torev-jb13 node2:\torev5-jb1 mark1: mark2: length: install date: note:\tтехнологический запас .... другие особенности прокладки" }, "geometry": { "type": "LineString", "coordinates": [ [ 32.244966, 48.508234 ], [ 32.244978, 48.508238 ], [ 32.245095, 48.508452 ], [ 32.245527, 48.508868 ] ] } }
,
{ "type": "Feature", "properties": { "Name": "orev-f9", "Description": "cable type:\tЮжкабель ОЦПт-12Е1(1х12)-2.0 node1:\torev1-cb1 node2:\tkov1-cb1 mark1: mark2: length: install date: note:\tтехнологический запас .... другие особенности прокладки" }, "geometry": { "type": "LineString", "coordinates": [ [ 32.245394, 48.508906 ], [ 32.245306, 48.508955 ], [ 32.245588, 48.509239 ], [ 32.245408, 48.509610 ], [ 32.248563, 48.512797 ] ] } }
,
{ "type": "Feature", "properties": { "Name": "orev-f10", "Description": "ОЦПт-8А1-1.5kn" }, "geometry": { "type": "LineString", "coordinates": [ [ 32.248610, 48.512793 ], [ 32.248355, 48.512940 ], [ 32.247499, 48.513160 ] ] } }

]
}
