{
"type": "FeatureCollection",
"features": [
{ "type": "Feature", "properties": { "Name": "orev2-cb1", "Description": "location:\tШатила 14 addit loc data: box type: box place: install date: power: comment:" }, "geometry": { "type": "Point", "coordinates": [ 32.236723, 48.505296, 0.000000 ] } }
,
{ "type": "Feature", "properties": { "Name": "orev2-jb1", "Description": "Location:\tШатила 14 addit loc data:\t Type:\tJB-100x300 place:\tна стене, возле шкафа chb1-cb1 comment:" }, "geometry": { "type": "Point", "coordinates": [ 32.236718, 48.505294, 0.000000 ] } }

]
}
