{
"type": "FeatureCollection",
"features": [
{ "type": "Feature", "properties": { "Name": "orev1-cb1", "Description": "location:\tШатила 3, корп 1 addit loc data: box type:\t19 \" box place: install date: power: comment:" }, "geometry": { "type": "Point", "coordinates": [ 32.238602, 48.504655, 0.000000 ] } }
,
{ "type": "Feature", "properties": { "Name": "orev1-cb2", "Description": "location:\tШатила 3, корп 1 addit loc data: box type:\tM-1 box place: install date: power: comment: accumulation" }, "geometry": { "type": "Point", "coordinates": [ 32.238602, 48.504655, 0.000000 ] } }

]
}
