{
"type": "FeatureCollection",
"features": [
{ "type": "Feature", "properties": { "Name": "orev3-cb1", "Description": "location:\tЖовтневої Революціі 66 addit loc data: box type: box place: install date: power: comment:" }, "geometry": { "type": "Point", "coordinates": [ 32.241439, 48.506162, 0.000000 ] } }
,
{ "type": "Feature", "properties": { "Name": "orev3-jb1", "Description": "Location:\tЖовтневої Революціі 66 addit loc data:\t Type:\tJB-100x300 place:\tна стене, возле шкафа chb1-cb1 comment:" }, "geometry": { "type": "Point", "coordinates": [ 32.241416, 48.506162, 0.000000 ] } }

]
}
