{
"type": "FeatureCollection",
"features": [
{ "type": "Feature", "properties": { "Name": "orev5-jb1", "Description": "location:\tЖовтневої Революціі 64 addit loc data:\t Type:\tJB-100x300 place:\tна стене, возле шкафа chb1-cb1 comment:" }, "geometry": { "type": "Point", "coordinates": [ 32.245372, 48.508901, 0.000000 ] } }
,
{ "type": "Feature", "properties": { "Name": "orev5-cb1", "Description": "location:\tШатила 3, корп 1 addit loc data: box type:\t19 \" box place: install date: power: comment:" }, "geometry": { "type": "Point", "coordinates": [ 32.245372, 48.508901, 0.000000 ] } }

]
}
