{
"type": "FeatureCollection",
"features": [
{ "type": "Feature", "properties": { "Name": "ce.infocom1-sr1", "Description": "Відкрита стійка Інфокому в серверній кімнаті" }, "geometry": { "type": "Point", "coordinates": [ 32.260944, 48.507698, 0.000000 ] } }
,
{ "type": "Feature", "properties": { "Name": "ce.shtorm1-sr1", "Description": "Cерверна кімната Шторм-у" }, "geometry": { "type": "Point", "coordinates": [ 32.263700, 48.507697, 0.000000 ] } }
,
{ "type": "Feature", "properties": { "Name": "ce.datagroup1-sr1", "Description": "Cерверна кімната Датагруп" }, "geometry": { "type": "Point", "coordinates": [ 32.264448, 48.508842, 0.000000 ] } }

]
}
