{
"type": "FeatureCollection",
"features": [
{ "type": "Feature", "properties": { "Name": "pj-f1", "Description": "cable type:\tОПТ-24Е4(4х6)-4,0 node1:\tvp1-or1 node2:\tchb1-jb1 mark1: mark2: length: install date: note:\tтехнологический запас .... другие особенности прокладки" }, "geometry": { "type": "LineString", "coordinates": [ [ 32.203302, 48.496887 ], [ 32.204528, 48.497441 ], [ 32.205832, 48.498005 ] ] } }
,
{ "type": "Feature", "properties": { "Name": "pj-f2", "Description": "cable type:\tОПТ-24Е4(4х6)-4,0 node1:\tvp1-or1 node2:\tchb1-jb1 mark1: mark2: length: install date: note:\tтехнологический запас .... другие особенности прокладки" }, "geometry": { "type": "LineString", "coordinates": [ [ 32.205842, 48.498001 ], [ 32.205991, 48.497787 ], [ 32.206140, 48.497569 ], [ 32.206202, 48.497465 ], [ 32.206441, 48.497024 ], [ 32.206512, 48.496932 ], [ 32.206471, 48.496859 ], [ 32.206429, 48.496826 ], [ 32.206578, 48.496587 ] ] } }
,
{ "type": "Feature", "properties": { "Name": "pj-f3", "Description": "cable type:\tОПТ-24Е4(4х6)-4,0 node1:\tvp1-or1 node2:\tchb1-jb1 mark1: mark2: length: install date: note:\tтехнологический запас .... другие особенности прокладки" }, "geometry": { "type": "LineString", "coordinates": [ [ 32.206575, 48.496589 ], [ 32.206729, 48.496310 ], [ 32.206863, 48.495874 ], [ 32.206926, 48.495772 ], [ 32.207241, 48.495308 ], [ 32.207288, 48.495219 ], [ 32.207642, 48.494842 ], [ 32.207898, 48.494585 ] ] } }
,
{ "type": "Feature", "properties": { "Name": "pj-f4", "Description": "cable type:\tОПТ-24Е4(4х6)-4,0 node1:\tvp1-or1 node2:\tchb1-jb1 mark1: mark2: length: install date: note:\tтехнологический запас .... другие особенности прокладки" }, "geometry": { "type": "LineString", "coordinates": [ [ 32.207898, 48.494581 ], [ 32.208035, 48.494324 ], [ 32.207968, 48.494296 ], [ 32.207441, 48.493271 ], [ 32.207373, 48.493165 ], [ 32.206198, 48.492673 ], [ 32.205786, 48.492568 ] ] } }
,
{ "type": "Feature", "properties": { "Name": "pj-f5", "Description": "cable type:\tОПТ-24Е4(4х6)-4,0 node1:\tvp1-or1 node2:\tchb1-jb1 mark1: mark2: length: install date: note:\tтехнологический запас .... другие особенности прокладки" }, "geometry": { "type": "LineString", "coordinates": [ [ 32.203366, 48.496897 ], [ 32.203365, 48.496786 ], [ 32.203687, 48.496223 ], [ 32.204281, 48.495084 ] ] } }

]
}
