{
"type": "FeatureCollection",
"features": [
{ "type": "Feature", "properties": { "Name": "koneva25-19k2", "Description": "" }, "geometry": { "type": "LineString", "coordinates": [ [ 32.203253, 48.496936 ], [ 32.202172, 48.496935 ] ] } }
,
{ "type": "Feature", "properties": { "Name": "koneva25-19k1", "Description": "" }, "geometry": { "type": "LineString", "coordinates": [ [ 32.203281, 48.496924 ], [ 32.202652, 48.497499 ] ] } }
,
{ "type": "Feature", "properties": { "Name": "jadova21k1", "Description": "" }, "geometry": { "type": "LineString", "coordinates": [ [ 32.203263, 48.496922 ], [ 32.202864, 48.495936 ] ] } }
,
{ "type": "Feature", "properties": { "Name": "koneva23k4", "Description": "" }, "geometry": { "type": "LineString", "coordinates": [ [ 32.203263, 48.496934 ], [ 32.203632, 48.497258 ] ] } }
,
{ "type": "Feature", "properties": { "Name": "koneva23k3", "Description": "" }, "geometry": { "type": "LineString", "coordinates": [ [ 32.203244, 48.496934 ], [ 32.204598, 48.496868 ] ] } }
,
{ "type": "Feature", "properties": { "Name": "koneva23k1", "Description": "" }, "geometry": { "type": "LineString", "coordinates": [ [ 32.203268, 48.496931 ], [ 32.203570, 48.497876 ] ] } }
,
{ "type": "Feature", "properties": { "Name": "koneva25-19k1-1", "Description": "" }, "geometry": { "type": "LineString", "coordinates": [ [ 32.203254, 48.496935 ], [ 32.203025, 48.497151 ], [ 32.202654, 48.497443 ], [ 32.202647, 48.497469 ] ] } }
,
{ "type": "Feature", "properties": { "Name": "koneva23k4-1", "Description": "" }, "geometry": { "type": "LineString", "coordinates": [ [ 32.203267, 48.496927 ], [ 32.203699, 48.497103 ] ] } }
