{
"type": "FeatureCollection",
"features": [
{ "type": "Feature", "properties": { "Name": "jadova21k2", "Description": "" }, "geometry": { "type": "LineString", "coordinates": [ [ 32.204399, 48.495196 ], [ 32.203446, 48.495367 ] ] } }
,
{ "type": "Feature", "properties": { "Name": "jadova23k1", "Description": "" }, "geometry": { "type": "LineString", "coordinates": [ [ 32.204389, 48.495176 ], [ 32.204569, 48.494577 ] ] } }
,
{ "type": "Feature", "properties": { "Name": "jadova23k2", "Description": "" }, "geometry": { "type": "LineString", "coordinates": [ [ 32.204365, 48.495180 ], [ 32.204287, 48.494103 ] ] } }
