{
"type": "FeatureCollection",
"features": [
{ "type": "Feature", "properties": { "Name": "koneva23k2", "Description": "" }, "geometry": { "type": "LineString", "coordinates": [ [ 32.204360, 48.497555 ], [ 32.205822, 48.497997 ] ] } }
,
{ "type": "Feature", "properties": { "Name": "popova18k1", "Description": "" }, "geometry": { "type": "LineString", "coordinates": [ [ 32.205824, 48.498003 ], [ 32.206834, 48.498185 ] ] } }
,
{ "type": "Feature", "properties": { "Name": "popova16-17", "Description": "" }, "geometry": { "type": "LineString", "coordinates": [ [ 32.205829, 48.497996 ], [ 32.206054, 48.498794 ] ] } }
,
{ "type": "Feature", "properties": { "Name": "popova18k2", "Description": "" }, "geometry": { "type": "LineString", "coordinates": [ [ 32.205834, 48.497999 ], [ 32.206667, 48.497759 ] ] } }
,
{ "type": "Feature", "properties": { "Name": "popova18k4", "Description": "" }, "geometry": { "type": "LineString", "coordinates": [ [ 32.205829, 48.497990 ], [ 32.205723, 48.497475 ] ] } }
