{
"type": "FeatureCollection",
"features": [
{ "type": "Feature", "properties": { "Name": "popova20k4", "Description": "" }, "geometry": { "type": "LineString", "coordinates": [ [ 32.206563, 48.496584 ], [ 32.205839, 48.496428 ] ] } }
,
{ "type": "Feature", "properties": { "Name": "popova20k5", "Description": "" }, "geometry": { "type": "LineString", "coordinates": [ [ 32.206568, 48.496581 ], [ 32.205425, 48.496171 ] ] } }
,
{ "type": "Feature", "properties": { "Name": "popova20k2", "Description": "" }, "geometry": { "type": "LineString", "coordinates": [ [ 32.206564, 48.496584 ], [ 32.206778, 48.497163 ] ] } }
,
{ "type": "Feature", "properties": { "Name": "popova20k1pod2", "Description": "" }, "geometry": { "type": "LineString", "coordinates": [ [ 32.206554, 48.496584 ], [ 32.207486, 48.496927 ] ] } }
,
{ "type": "Feature", "properties": { "Name": "popova20k1pod4", "Description": "" }, "geometry": { "type": "LineString", "coordinates": [ [ 32.206559, 48.496581 ], [ 32.207740, 48.496510 ] ] } }
,
{ "type": "Feature", "properties": { "Name": "popova22k1", "Description": "" }, "geometry": { "type": "LineString", "coordinates": [ [ 32.206564, 48.496578 ], [ 32.207316, 48.496056 ] ] } }
,
{ "type": "Feature", "properties": { "Name": "popova22k2", "Description": "" }, "geometry": { "type": "LineString", "coordinates": [ [ 32.206564, 48.496581 ], [ 32.206321, 48.495867 ] ] } }
