{
"type": "FeatureCollection",
"features": [
{ "type": "Feature", "properties": { "Name": "popova26k4", "Description": "" }, "geometry": { "type": "LineString", "coordinates": [ [ 32.207914, 48.494573 ], [ 32.207165, 48.494482 ] ] } }
,
{ "type": "Feature", "properties": { "Name": "popova26k5", "Description": "" }, "geometry": { "type": "LineString", "coordinates": [ [ 32.207868, 48.494578 ], [ 32.206672, 48.494293 ] ] } }
,
{ "type": "Feature", "properties": { "Name": "popova24k2", "Description": "" }, "geometry": { "type": "LineString", "coordinates": [ [ 32.207887, 48.494578 ], [ 32.206745, 48.495097 ] ] } }
,
{ "type": "Feature", "properties": { "Name": "popova26k2", "Description": "" }, "geometry": { "type": "LineString", "coordinates": [ [ 32.207894, 48.494569 ], [ 32.208519, 48.494443 ] ] } }
,
{ "type": "Feature", "properties": { "Name": "popova24k1", "Description": "" }, "geometry": { "type": "LineString", "coordinates": [ [ 32.207881, 48.494573 ], [ 32.207678, 48.495488 ] ] } }
,
{ "type": "Feature", "properties": { "Name": "popova26k1pod2", "Description": "" }, "geometry": { "type": "LineString", "coordinates": [ [ 32.207854, 48.494569 ], [ 32.208527, 48.495321 ] ] } }
,
{ "type": "Feature", "properties": { "Name": "popova26k1pod4", "Description": "" }, "geometry": { "type": "LineString", "coordinates": [ [ 32.207881, 48.494569 ], [ 32.208789, 48.494895 ] ] } }
