{
"type": "FeatureCollection",
"features": [
{ "type": "Feature", "properties": { "Name": "jadova23k3", "Description": "" }, "geometry": { "type": "LineString", "coordinates": [ [ 32.205691, 48.492641 ], [ 32.204617, 48.493229 ] ] } }
,
{ "type": "Feature", "properties": { "Name": "gst24-27k2", "Description": "" }, "geometry": { "type": "LineString", "coordinates": [ [ 32.205694, 48.492637 ], [ 32.205409, 48.492132 ] ] } }
,
{ "type": "Feature", "properties": { "Name": "gst24-27k1", "Description": "" }, "geometry": { "type": "LineString", "coordinates": [ [ 32.205684, 48.492632 ], [ 32.206301, 48.491955 ] ] } }
,
{ "type": "Feature", "properties": { "Name": "gst22k1", "Description": "" }, "geometry": { "type": "LineString", "coordinates": [ [ 32.205691, 48.492637 ], [ 32.207289, 48.492362 ] ] } }
,
{ "type": "Feature", "properties": { "Name": "gst22k2", "Description": "" }, "geometry": { "type": "LineString", "coordinates": [ [ 32.207450, 48.493051 ], [ 32.205684, 48.492646 ] ] } }
,
{ "type": "Feature", "properties": { "Name": "gst22k3", "Description": "" }, "geometry": { "type": "LineString", "coordinates": [ [ 32.205684, 48.492649 ], [ 32.206101, 48.492773 ], [ 32.206944, 48.493574 ] ] } }
