{
"type": "FeatureCollection",
"features": [
{ "type": "Feature", "properties": { "Name": "pm-f1-1", "Description": "Elsacor LP-024-ITU-T-G652D-4kN Кабель со столба возле церкви идет вдоль дорги по столбам до ДСАФ." }, "geometry": { "type": "LineString", "coordinates": [ [ 32.261404, 48.504259 ], [ 32.260305, 48.503657 ] ] } }
,
{ "type": "Feature", "properties": { "Name": "pm-f1-2", "Description": "Elsacor LP-024-ITU-T-G652D-4kN Кабель со столба возле церкви идет вдоль дорги по столбам до ДСАФ." }, "geometry": { "type": "LineString", "coordinates": [ [ 32.260312, 48.503657 ], [ 32.259166, 48.503009 ], [ 32.258931, 48.502892 ], [ 32.258452, 48.502719 ] ] } }
,
{ "type": "Feature", "properties": { "Name": "pm-f2", "Description": "Finmark UT024-SM-48" }, "geometry": { "type": "LineString", "coordinates": [ [ 32.258455, 48.502724 ], [ 32.258705, 48.502562 ], [ 32.258371, 48.502380 ], [ 32.258060, 48.502290 ], [ 32.257832, 48.502174 ] ] } }
,
{ "type": "Feature", "properties": { "Name": "pm-f3", "Description": "ОЦПт-4А1(1х4)-1.5 Кабель со столба у перекрестка крепостного идет вдоль дороги к столбу у Туриста" }, "geometry": { "type": "LineString", "coordinates": [ [ 32.257834, 48.502167 ], [ 32.257326, 48.501839 ], [ 32.256971, 48.501646 ], [ 32.256870, 48.501568 ], [ 32.257392, 48.501168 ], [ 32.257436, 48.501190 ] ] } }
,
{ "type": "Feature", "properties": { "Name": "pm-f4", "Description": "" }, "geometry": { "type": "LineString", "coordinates": [ [ 32.257828, 48.502159 ], [ 32.258056, 48.502295 ], [ 32.258369, 48.502379 ], [ 32.258494, 48.501868 ], [ 32.258490, 48.501792 ], [ 32.258642, 48.501690 ], [ 32.258774, 48.501677 ], [ 32.259766, 48.501402 ], [ 32.259881, 48.501320 ], [ 32.260096, 48.500929 ], [ 32.260147, 48.500851 ], [ 32.260242, 48.500745 ], [ 32.260230, 48.500678 ], [ 32.260507, 48.500233 ] ] } }
,
{ "type": "Feature", "properties": { "Name": "pm-f5", "Description": "" }, "geometry": { "type": "LineString", "coordinates": [ [ 32.260502, 48.500257 ], [ 32.261134, 48.499133 ], [ 32.261411, 48.498659 ] ] } }
,
{ "type": "Feature", "properties": { "Name": "pm-f6", "Description": "" }, "geometry": { "type": "LineString", "coordinates": [ [ 32.261393, 48.498695 ], [ 32.262006, 48.497643 ], [ 32.262654, 48.497550 ], [ 32.262753, 48.497419 ] ] } }
,
{ "type": "Feature", "properties": { "Name": "pm-f7", "Description": "" }, "geometry": { "type": "LineString", "coordinates": [ [ 32.262744, 48.497401 ], [ 32.263661, 48.497527 ], [ 32.263804, 48.497575 ], [ 32.264733, 48.497555 ], [ 32.264792, 48.497568 ] ] } }
,
{ "type": "Feature", "properties": { "Name": "pm-f8", "Description": "" }, "geometry": { "type": "LineString", "coordinates": [ [ 32.262735, 48.497407 ], [ 32.262371, 48.497165 ], [ 32.262194, 48.497111 ], [ 32.261973, 48.496610 ] ] } }
,
{ "type": "Feature", "properties": { "Name": "pm-f9", "Description": "" }, "geometry": { "type": "LineString", "coordinates": [ [ 32.264804, 48.497564 ], [ 32.265147, 48.497711 ], [ 32.265147, 48.497760 ], [ 32.265105, 48.498256 ], [ 32.265162, 48.498381 ], [ 32.265432, 48.498772 ] ] } }
,
{ "type": "Feature", "properties": { "Name": "pm-f10", "Description": "" }, "geometry": { "type": "LineString", "coordinates": [ [ 32.264792, 48.497560 ], [ 32.264825, 48.497515 ], [ 32.265328, 48.497351 ], [ 32.266007, 48.496821 ], [ 32.265999, 48.496775 ], [ 32.266393, 48.496436 ], [ 32.267203, 48.495873 ] ] } }
,
{ "type": "Feature", "properties": { "Name": "telecenter1", "Description": "" }, "geometry": { "type": "LineString", "coordinates": [ [ 32.264933, 48.493700 ], [ 32.263305, 48.492419 ], [ 32.263116, 48.492518 ], [ 32.262087, 48.491658 ] ] } }
,
{ "type": "Feature", "properties": { "Name": "telecenter2", "Description": "" }, "geometry": { "type": "LineString", "coordinates": [ [ 32.262085, 48.491650 ], [ 32.261669, 48.491330 ], [ 32.261536, 48.491036 ], [ 32.260609, 48.489489 ] ] } }
,
{ "type": "Feature", "properties": { "Name": "telecenter3", "Description": "" }, "geometry": { "type": "LineString", "coordinates": [ [ 32.259621, 48.487894 ], [ 32.260613, 48.489490 ] ] } }
,
{ "type": "Feature", "properties": { "Name": "telecenter4", "Description": "" }, "geometry": { "type": "LineString", "coordinates": [ [ 32.259630, 48.487900 ], [ 32.259349, 48.487737 ], [ 32.258926, 48.487702 ], [ 32.258583, 48.487784 ], [ 32.258253, 48.487865 ], [ 32.258325, 48.487908 ], [ 32.258391, 48.488020 ], [ 32.258617, 48.487965 ], [ 32.258739, 48.488146 ], [ 32.258734, 48.488202 ] ] } }
,
{ "type": "Feature", "properties": { "Name": "pm-f11", "Description": "" }, "geometry": { "type": "LineString", "coordinates": [ [ 32.267250, 48.495868 ], [ 32.266279, 48.495277 ] ] } }
,
{ "type": "Feature", "properties": { "Name": "pm-f12", "Description": "" }, "geometry": { "type": "LineString", "coordinates": [ [ 32.266234, 48.495287 ], [ 32.266280, 48.495291 ], [ 32.266289, 48.495186 ], [ 32.266290, 48.495126 ], [ 32.266054, 48.494920 ], [ 32.266020, 48.494869 ], [ 32.265885, 48.494831 ], [ 32.265823, 48.494427 ], [ 32.264939, 48.493703 ] ] } }

]
}
