{
"type": "FeatureCollection",
"features": [
{ "type": "Feature", "properties": { "Name": "pp-jb1", "Description": "Location:\tГ.Сталинграда 4 Box type:\tтр. уточнение Box place:\tподставка Power:\tтр. уточнение" }, "geometry": { "type": "Point", "coordinates": [ 32.216036, 48.495678, 0.000000 ] } }
,
{ "type": "Feature", "properties": { "Name": "pp-jb2", "Description": "Location:\tГ.Сталинграда 4 Box type:\tтр. уточнение Box place:\tподставка Power:\tтр. уточнение" }, "geometry": { "type": "Point", "coordinates": [ 32.208184, 48.499796, 0.000000 ] } }
,
{ "type": "Feature", "properties": { "Name": "pp-jb3", "Description": "Location:\tГ.Сталинграда 4 Box type:\tтр. уточнение Box place:\tподставка Power:\tтр. уточнение" }, "geometry": { "type": "Point", "coordinates": [ 32.213164, 48.494309, 0.000000 ] } }
,
{ "type": "Feature", "properties": { "Name": "pp-jb4", "Description": "Location:\tГ.Сталинграда 4 Box type:\tтр. уточнение Box place:\tподставка Power:\tтр. уточнение" }, "geometry": { "type": "Point", "coordinates": [ 32.210969, 48.496164, 0.000000 ] } }
,
{ "type": "Feature", "properties": { "Name": "pp-jb5", "Description": "Location:\tГ.Сталинграда 4 Box type:\tтр. уточнение Box place:\tподставка Power:\tтр. уточнение" }, "geometry": { "type": "Point", "coordinates": [ 32.210815, 48.496486, 0.000000 ] } }
,
{ "type": "Feature", "properties": { "Name": "pp-jb6", "Description": "Location:\tГ.Сталинграда 4 Box type:\tтр. уточнение Box place:\tподставка Power:\tтр. уточнение" }, "geometry": { "type": "Point", "coordinates": [ 32.215815, 48.496008, 0.000000 ] } }
,
{ "type": "Feature", "properties": { "Name": "pp-jb7", "Description": "Location:\tГ.Сталинграда  4 Box type:\tтр. уточнение Box place:\tподставка Power:\tтр. уточнение" }, "geometry": { "type": "Point", "coordinates": [ 32.216530, 48.495885, 0.000000 ] } }
,
{ "type": "Feature", "properties": { "Name": "pp-jb8", "Description": "Location:\tГ.Сталинграда 4 Box type:\tтр. уточнение Box place:\tподставка Power:\tтр. уточнение" }, "geometry": { "type": "Point", "coordinates": [ 32.214143, 48.494564, 0.000000 ] } }
,
{ "type": "Feature", "properties": { "Name": "pp-jb10", "Description": "Location:\tГ.Сталинграда 4 Box type:\tтр. уточнение Box place:\tподставка Power:\tтр. уточнение" }, "geometry": { "type": "Point", "coordinates": [ 32.210650, 48.497560, 0.000000 ] } }

]
}
