{
"type": "FeatureCollection",
"features": [
{ "type": "Feature", "properties": { "Name": "pp-f1.1", "Description": "cable type:\tЮжкабель ОЦПт-4Е1(1х4)-1.5 node1:\tchb5-jb1 node2:\torev2-jb1 mark1: mark2: length: install date: note:\tтехнологический запас .... другие особенности прокладки" }, "geometry": { "type": "LineString", "coordinates": [ [ 32.215150, 48.496197 ], [ 32.215135, 48.496245 ], [ 32.214845, 48.496553 ], [ 32.214769, 48.496534 ], [ 32.214761, 48.496531 ] ] } }
,
{ "type": "Feature", "properties": { "Name": "pp-f1.2", "Description": "cable type:\tЮжкабель ОЦПт-12Е1(1х12)-2.0 node1:\tchb5-jb1 node2:\torev2-jb1 mark1: mark2: length: install date: note:\tтехнологический запас .... другие особенности прокладки" }, "geometry": { "type": "LineString", "coordinates": [ [ 32.215150, 48.496186 ], [ 32.215135, 48.496245 ], [ 32.214845, 48.496553 ], [ 32.214769, 48.496534 ], [ 32.214761, 48.496531 ] ] } }
,
{ "type": "Feature", "properties": { "Name": "pp-f1.3", "Description": "cable type:\tЮжкабель FinMark UT016-SM-48 node1:\tchb5-jb1 node2:\torev2-jb1 mark1: mark2: length: install date: note:\tтехнологический запас .... другие особенности прокладки" }, "geometry": { "type": "LineString", "coordinates": [ [ 32.215150, 48.496186 ], [ 32.215135, 48.496245 ], [ 32.214845, 48.496553 ], [ 32.214769, 48.496534 ], [ 32.214761, 48.496531 ] ] } }
,
{ "type": "Feature", "properties": { "Name": "pp-f1.4", "Description": "cable type:\tЮжкабель ОЦПт-8Е1(1х8)-2.0 node1:\tchb5-jb1 node2:\torev2-jb1 mark1: mark2: length: install date: note:\tтехнологический запас .... другие особенности прокладки" }, "geometry": { "type": "LineString", "coordinates": [ [ 32.215150, 48.496186 ], [ 32.215135, 48.496245 ], [ 32.214845, 48.496553 ], [ 32.214769, 48.496534 ], [ 32.214761, 48.496531 ] ] } }
,
{ "type": "Feature", "properties": { "Name": "pp-f2", "Description": "cable type:\tЮжкабель ОЦПт-12Е1(1х12)-2.0 node1:\tchb5-jb1 node2:\torev2-jb1 mark1: mark2: length: install date: note:\tтехнологический запас .... другие особенности прокладки" }, "geometry": { "type": "LineString", "coordinates": [ [ 32.215166, 48.496194 ], [ 32.215181, 48.496261 ], [ 32.215297, 48.496288 ], [ 32.215646, 48.497112 ], [ 32.215626, 48.497169 ], [ 32.216164, 48.497319 ], [ 32.216139, 48.497376 ], [ 32.216336, 48.497493 ], [ 32.216392, 48.497550 ], [ 32.216237, 48.497791 ] ] } }
,
{ "type": "Feature", "properties": { "Name": "pp-f3", "Description": "cable type:\tЮжкабель ОЦПт-24Е6(6х4)-4.0 node1:\tchb5-jb1 node2:\torev2-jb1 mark1: mark2: length: install date: note:\tтехнологический запас .... другие особенности прокладки" }, "geometry": { "type": "LineString", "coordinates": [ [ 32.215150, 48.496197 ], [ 32.215198, 48.496122 ], [ 32.215693, 48.496015 ], [ 32.215789, 48.496010 ], [ 32.216018, 48.495726 ], [ 32.216164, 48.495512 ], [ 32.216261, 48.495500 ], [ 32.216982, 48.494944 ], [ 32.217090, 48.494982 ], [ 32.217122, 48.494947 ] ] } }
,
{ "type": "Feature", "properties": { "Name": "pp- f3.2", "Description": "cable type:\tЮжкабель ОЦПт-8Е1(1х8)-1.5 node1:\tchb5-jb1 node2:\torev2-jb1 mark1: mark2: length: install date: note:\tтехнологический запас .... другие особенности прокладки" }, "geometry": { "type": "LineString", "coordinates": [ [ 32.215150, 48.496197 ], [ 32.215198, 48.496122 ], [ 32.215815, 48.496007 ] ] } }
,
{ "type": "Feature", "properties": { "Name": "pp-f3.2-1", "Description": "cable type:\tЮжкабель ОЦПт-8Е1(1х8)-1.5 node1:\tchb5-jb1 node2:\torev2-jb1 mark1: mark2: length: install date: note:\tтехнологический запас .... другие особенности прокладки" }, "geometry": { "type": "LineString", "coordinates": [ [ 32.215789, 48.496010 ], [ 32.216034, 48.495678 ] ] } }
,
{ "type": "Feature", "properties": { "Name": "pp-f3.2-2", "Description": "cable type:\tЮжкабель ОЦПт-8Е1(1х8)-1.5 node1:\tchb5-jb1 node2:\torev2-jb1 mark1: mark2: length: install date: note:\tтехнологический запас .... другие особенности прокладки" }, "geometry": { "type": "LineString", "coordinates": [ [ 32.216036, 48.495675 ], [ 32.216122, 48.495688 ], [ 32.216477, 48.495804 ], [ 32.216463, 48.495863 ] ] } }
,
{ "type": "Feature", "properties": { "Name": "pp-f3.2-3", "Description": "cable type:\tЮжкабель ОЦПт-8Е1(1х8)-1.5 node1:\tchb5-jb1 node2:\torev2-jb1 mark1: mark2: length: install date: note:\tтехнологический запас .... другие особенности прокладки" }, "geometry": { "type": "LineString", "coordinates": [ [ 32.216463, 48.495863 ], [ 32.216971, 48.496003 ] ] } }
,
{ "type": "Feature", "properties": { "Name": "pp-f6", "Description": "cable type:\tFinMark UT016-SM48 node1:\tchb5-jb1 node2:\torev2-jb1 mark1: mark2: length: install date: note:\tтехнологический запас .... другие особенности прокладки" }, "geometry": { "type": "LineString", "coordinates": [ [ 32.217106, 48.494935 ], [ 32.216592, 48.494764 ], [ 32.216018, 48.494604 ], [ 32.215048, 48.494330 ] ] } }
,
{ "type": "Feature", "properties": { "Name": "pp-f7", "Description": "cable type:\tЮжкабель ОЦПт-12Е1(1х12)-2,0 node1:\tchb5-jb1 node2:\torev2-jb1 mark1: mark2: length: install date: note:\tтехнологический запас .... другие особенности прокладки" }, "geometry": { "type": "LineString", "coordinates": [ [ 32.215056, 48.494327 ], [ 32.214126, 48.494562 ] ] } }
,
{ "type": "Feature", "properties": { "Name": "pp-f7-1", "Description": "cable type:\tЮжкабель ОЦПт-12Е1(1х12)-1.5 node1:\tchb5-jb1 node2:\torev2-jb1 mark1: mark2: length: install date: note:\tтехнологический запас .... другие особенности прокладки" }, "geometry": { "type": "LineString", "coordinates": [ [ 32.214143, 48.494551 ], [ 32.213156, 48.494308 ] ] } }
,
{ "type": "Feature", "properties": { "Name": "pp-f81", "Description": "cable type:\tЮжкабель ОЦПт-4Е1(1х4)-2.0 node1:\tchb5-jb1 node2:\torev2-jb1 mark1: mark2: length: install date: note:\tтехнологический запас .... другие особенности прокладки" }, "geometry": { "type": "LineString", "coordinates": [ [ 32.213165, 48.494311 ], [ 32.213154, 48.494216 ], [ 32.213040, 48.493121 ] ] } }
,
{ "type": "Feature", "properties": { "Name": "pp-f8", "Description": "cable type:\tЮжкабель ОЦПт-8Е1(1х8)-2 node1:\tchb5-jb1 node2:\torev2-jb1 mark1: mark2: length: install date: note:\tтехнологический запас .... другие особенности прокладки" }, "geometry": { "type": "LineString", "coordinates": [ [ 32.213155, 48.494312 ], [ 32.212038, 48.494815 ], [ 32.211965, 48.494815 ] ] } }
,
{ "type": "Feature", "properties": { "Name": "pp-f9", "Description": "cable type:\tЮжкабель ОЦПт-12Е1(1х12)-1.5 node1:\tchb5-jb1 node2:\torev2-jb1 mark1: mark2: length: install date: note:\tтехнологический запас .... другие особенности прокладки" }, "geometry": { "type": "LineString", "coordinates": [ [ 32.211929, 48.494814 ], [ 32.211748, 48.495105 ], [ 32.211455, 48.495337 ], [ 32.211320, 48.495419 ], [ 32.210938, 48.496113 ], [ 32.210967, 48.496159 ] ] } }
,
{ "type": "Feature", "properties": { "Name": "pp-f10", "Description": "cable type:\tЮжкабель ОЦПт-12Е1(1х12)-1.5 node1:\tchb5-jb1 node2:\torev2-jb1 mark1: mark2: length: install date: note:\tтехнологический запас .... другие особенности прокладки" }, "geometry": { "type": "LineString", "coordinates": [ [ 32.210968, 48.496170 ], [ 32.210968, 48.496201 ], [ 32.210815, 48.496480 ] ] } }
,
{ "type": "Feature", "properties": { "Name": "pp-f11", "Description": "cable type:\tЮжкабель ОЦПт-12Е1(1х12)-1.5 node1:\tchb5-jb1 node2:\torev2-jb1 mark1: mark2: length: install date: note:\tтехнологический запас .... другие особенности прокладки" }, "geometry": { "type": "LineString", "coordinates": [ [ 32.210822, 48.496476 ], [ 32.210756, 48.496579 ], [ 32.210769, 48.496582 ], [ 32.210761, 48.496592 ], [ 32.210784, 48.496598 ] ] } }
,
{ "type": "Feature", "properties": { "Name": "ppf-12", "Description": "cable type:\tЮжкабель ОЦПт-8А1 1,5kn node1:\tchb5-jb1 node2:\torev2-jb1 mark1: mark2: length: install date: note:\tтехнологический запас .... другие особенности прокладки" }, "geometry": { "type": "LineString", "coordinates": [ [ 32.210783, 48.496598 ], [ 32.210760, 48.496593 ], [ 32.210766, 48.496583 ], [ 32.210755, 48.496580 ], [ 32.210691, 48.496679 ], [ 32.210712, 48.496737 ], [ 32.210737, 48.496744 ], [ 32.210769, 48.496782 ], [ 32.210641, 48.497001 ], [ 32.210710, 48.497032 ], [ 32.210629, 48.497552 ], [ 32.210648, 48.497558 ] ] } }
,
{ "type": "Feature", "properties": { "Name": "ppf-12-2", "Description": "cable type:\tFinmark UT008-SM-48 node1:\tchb5-jb1 node2:\torev2-jb1 mark1: mark2: length: install date: note:\tтехнологический запас .... другие особенности прокладки" }, "geometry": { "type": "LineString", "coordinates": [ [ 32.210649, 48.497559 ], [ 32.210694, 48.497573 ], [ 32.210672, 48.497609 ], [ 32.210736, 48.497629 ], [ 32.210755, 48.497653 ], [ 32.210729, 48.497695 ], [ 32.210744, 48.498420 ], [ 32.210704, 48.498475 ] ] } }
,
{ "type": "Feature", "properties": { "Name": "pp-f13", "Description": "cable type:\tЮжкабель ОЦПт-4Е1(1х4)-1.5 node1:\tchb5-jb1 node2:\torev2-jb1 mark1: mark2: length: install date: note:\tтехнологический запас .... другие особенности прокладки" }, "geometry": { "type": "LineString", "coordinates": [ [ 32.210711, 48.498480 ], [ 32.209596, 48.498552 ], [ 32.208495, 48.498697 ] ] } }
,
{ "type": "Feature", "properties": { "Name": "pp-f20", "Description": "cable type:\tЮжкабель ОЦПт-12Е1(1х12)-2 node1:\tchb5-jb1 node2:\torev2-jb1 mark1: mark2: length: install date: note:\tтехнологический запас .... другие особенности прокладки" }, "geometry": { "type": "LineString", "coordinates": [ [ 32.213197, 48.500961 ], [ 32.212338, 48.500251 ], [ 32.212340, 48.500236 ], [ 32.212304, 48.500226 ] ] } }
,
{ "type": "Feature", "properties": { "Name": "pp-f21", "Description": "cable type:\tЮжкабель ОЦПт-4Е1(1х4)-2 node1:\tchb5-jb1 node2:\torev2-jb1 mark1: mark2: length: install date: note:\tтехнологический запас .... другие особенности прокладки" }, "geometry": { "type": "LineString", "coordinates": [ [ 32.212302, 48.500227 ], [ 32.212365, 48.500243 ], [ 32.213978, 48.499790 ], [ 32.214052, 48.499758 ], [ 32.214509, 48.499886 ] ] } }

]
}
