{
"type": "FeatureCollection",
"features": [
{ "type": "Feature", "properties": { "Name": "koneva13k1", "Description": "" }, "geometry": { "type": "LineString", "coordinates": [ [ 32.209718, 48.500285 ], [ 32.209705, 48.500260 ], [ 32.210311, 48.499962 ], [ 32.210547, 48.499723 ] ] } }
,
{ "type": "Feature", "properties": { "Name": "koneva15p4", "Description": "" }, "geometry": { "type": "LineString", "coordinates": [ [ 32.209724, 48.500264 ], [ 32.208976, 48.499996 ], [ 32.208808, 48.499942 ], [ 32.208517, 48.499851 ] ] } }
