{
"type": "FeatureCollection",
"features": [
{ "type": "Feature", "properties": { "Name": "pacaeva4k2", "Description": "" }, "geometry": { "type": "LineString", "coordinates": [ [ 32.214725, 48.499492 ], [ 32.214492, 48.499886 ] ] } }
,
{ "type": "Feature", "properties": { "Name": "pacaeva6k3", "Description": "" }, "geometry": { "type": "LineString", "coordinates": [ [ 32.214732, 48.499476 ], [ 32.214116, 48.499009 ] ] } }
,
{ "type": "Feature", "properties": { "Name": "pacaeva6k2", "Description": "" }, "geometry": { "type": "LineString", "coordinates": [ [ 32.214732, 48.499463 ], [ 32.214795, 48.499066 ], [ 32.214982, 48.498796 ] ] } }
,
{ "type": "Feature", "properties": { "Name": "pacaeva6k1", "Description": "" }, "geometry": { "type": "LineString", "coordinates": [ [ 32.214725, 48.499467 ], [ 32.215594, 48.499355 ], [ 32.215656, 48.499309 ] ] } }
,
{ "type": "Feature", "properties": { "Name": "pacaeva4k1", "Description": "" }, "geometry": { "type": "LineString", "coordinates": [ [ 32.214750, 48.499492 ], [ 32.215245, 48.499666 ], [ 32.215325, 48.500119 ] ] } }
,
{ "type": "Feature", "properties": { "Name": "pacaeva4k2-1", "Description": "" }, "geometry": { "type": "LineString", "coordinates": [ [ 32.214769, 48.499461 ], [ 32.215318, 48.500207 ] ] } }
