{
"type": "FeatureCollection",
"features": [
{ "type": "Feature", "properties": { "Name": "koneva5k2p2", "Description": "" }, "geometry": { "type": "LineString", "coordinates": [ [ 32.213180, 48.500969 ], [ 32.213218, 48.501033 ], [ 32.214043, 48.501275 ], [ 32.214082, 48.501422 ] ] } }
,
{ "type": "Feature", "properties": { "Name": "koneva7p4", "Description": "" }, "geometry": { "type": "LineString", "coordinates": [ [ 32.213204, 48.500969 ], [ 32.213156, 48.501004 ], [ 32.212379, 48.501117 ], [ 32.212283, 48.501104 ] ] } }
,
{ "type": "Feature", "properties": { "Name": "koneva7p2", "Description": "" }, "geometry": { "type": "LineString", "coordinates": [ [ 32.213184, 48.500963 ], [ 32.212907, 48.500883 ], [ 32.212581, 48.500705 ] ] } }
,
{ "type": "Feature", "properties": { "Name": "koneva5k1", "Description": "" }, "geometry": { "type": "LineString", "coordinates": [ [ 32.213209, 48.500963 ], [ 32.213199, 48.501042 ], [ 32.213171, 48.501814 ] ] } }
,
{ "type": "Feature", "properties": { "Name": "pacaeva2", "Description": "" }, "geometry": { "type": "LineString", "coordinates": [ [ 32.213185, 48.500969 ], [ 32.214782, 48.501023 ] ] } }
,
{ "type": "Feature", "properties": { "Name": "koneva9", "Description": "" }, "geometry": { "type": "LineString", "coordinates": [ [ 32.213174, 48.500945 ], [ 32.212937, 48.500842 ], [ 32.212576, 48.500581 ], [ 32.212190, 48.500218 ] ] } }

]
}
