{
"type": "FeatureCollection",
"features": [
{ "type": "Feature", "properties": { "Name": "gst12k4p6", "Description": "" }, "geometry": { "type": "LineString", "coordinates": [ [ 32.215188, 48.496203 ], [ 32.214601, 48.496085 ] ] } }
,
{ "type": "Feature", "properties": { "Name": "gst12k4p2", "Description": "" }, "geometry": { "type": "LineString", "coordinates": [ [ 32.215163, 48.496195 ], [ 32.214794, 48.495514 ], [ 32.214707, 48.495481 ] ] } }
,
{ "type": "Feature", "properties": { "Name": "gst12k3", "Description": "" }, "geometry": { "type": "LineString", "coordinates": [ [ 32.215163, 48.496190 ], [ 32.215644, 48.495194 ] ] } }
