{
"type": "FeatureCollection",
"features": [
{ "type": "Feature", "properties": { "Name": "pacaeva8k1", "Description": "" }, "geometry": { "type": "LineString", "coordinates": [ [ 32.216244, 48.497793 ], [ 32.216595, 48.498192 ], [ 32.216645, 48.498205 ] ] } }
,
{ "type": "Feature", "properties": { "Name": "pacaeva8k2", "Description": "" }, "geometry": { "type": "LineString", "coordinates": [ [ 32.216238, 48.497793 ], [ 32.215888, 48.498203 ], [ 32.215562, 48.498403 ] ] } }
,
{ "type": "Feature", "properties": { "Name": "pacaeva8k5", "Description": "" }, "geometry": { "type": "LineString", "coordinates": [ [ 32.216226, 48.497797 ], [ 32.215292, 48.497656 ] ] } }
,
{ "type": "Feature", "properties": { "Name": "pacaeva8k4", "Description": "" }, "geometry": { "type": "LineString", "coordinates": [ [ 32.216238, 48.497809 ], [ 32.215858, 48.497244 ] ] } }
,
{ "type": "Feature", "properties": { "Name": "pacaeva10", "Description": "" }, "geometry": { "type": "LineString", "coordinates": [ [ 32.216252, 48.497789 ], [ 32.216463, 48.497544 ], [ 32.217270, 48.497098 ] ] } }
