{
"type": "FeatureCollection",
"features": [
{ "type": "Feature", "properties": { "Name": "pacaeva14k1p2", "Description": "" }, "geometry": { "type": "LineString", "coordinates": [ [ 32.217120, 48.494959 ], [ 32.217883, 48.495140 ] ] } }
,
{ "type": "Feature", "properties": { "Name": "gst8", "Description": "" }, "geometry": { "type": "LineString", "coordinates": [ [ 32.217113, 48.494942 ], [ 32.217202, 48.494896 ], [ 32.218066, 48.494708 ], [ 32.218243, 48.494650 ] ] } }
,
{ "type": "Feature", "properties": { "Name": "pacaeva14k2", "Description": "" }, "geometry": { "type": "LineString", "coordinates": [ [ 32.217117, 48.494949 ], [ 32.217292, 48.495485 ], [ 32.217260, 48.495540 ] ] } }
,
{ "type": "Feature", "properties": { "Name": "gst12k1p2", "Description": "" }, "geometry": { "type": "LineString", "coordinates": [ [ 32.217111, 48.494945 ], [ 32.216539, 48.494816 ], [ 32.216097, 48.494687 ] ] } }
,
{ "type": "Feature", "properties": { "Name": "gst10p2", "Description": "" }, "geometry": { "type": "LineString", "coordinates": [ [ 32.217130, 48.494933 ], [ 32.217079, 48.494870 ], [ 32.217250, 48.494435 ], [ 32.217300, 48.494389 ] ] } }
