{
"type": "FeatureCollection",
"features": [
{ "type": "Feature", "properties": { "Name": "gst12", "Description": "" }, "geometry": { "type": "LineString", "coordinates": [ [ 32.215033, 48.494342 ], [ 32.215552, 48.493836 ] ] } }
,
{ "type": "Feature", "properties": { "Name": "gst12a", "Description": "" }, "geometry": { "type": "LineString", "coordinates": [ [ 32.215058, 48.494326 ], [ 32.214840, 48.494206 ], [ 32.214634, 48.493779 ] ] } }
,
{ "type": "Feature", "properties": { "Name": "gst14k1", "Description": "" }, "geometry": { "type": "LineString", "coordinates": [ [ 32.215051, 48.494330 ], [ 32.214791, 48.494247 ], [ 32.213730, 48.493804 ] ] } }
,
{ "type": "Feature", "properties": { "Name": "gst14p2", "Description": "" }, "geometry": { "type": "LineString", "coordinates": [ [ 32.215058, 48.494330 ], [ 32.214283, 48.494678 ], [ 32.214219, 48.494798 ] ] } }
,
{ "type": "Feature", "properties": { "Name": "gst14k1p5", "Description": "" }, "geometry": { "type": "LineString", "coordinates": [ [ 32.215039, 48.494322 ], [ 32.214736, 48.494305 ], [ 32.213547, 48.494338 ], [ 32.213496, 48.494371 ] ] } }
,
{ "type": "Feature", "properties": { "Name": "gst12k2", "Description": "" }, "geometry": { "type": "LineString", "coordinates": [ [ 32.215058, 48.494327 ], [ 32.214956, 48.494800 ], [ 32.214949, 48.494883 ] ] } }
,
{ "type": "Feature", "properties": { "Name": "gst10p5", "Description": "" }, "geometry": { "type": "LineString", "coordinates": [ [ 32.215059, 48.494319 ], [ 32.215969, 48.494264 ], [ 32.216169, 48.494210 ], [ 32.216401, 48.494080 ] ] } }
