{
"type": "FeatureCollection",
"features": [
{ "type": "Feature", "properties": { "Name": "popova13k2", "Description": "" }, "geometry": { "type": "LineString", "coordinates": [ [ 32.211937, 48.494836 ], [ 32.212810, 48.495299 ] ] } }
,
{ "type": "Feature", "properties": { "Name": "popova13k1p2", "Description": "" }, "geometry": { "type": "LineString", "coordinates": [ [ 32.211949, 48.494827 ], [ 32.211786, 48.495528 ] ] } }
,
{ "type": "Feature", "properties": { "Name": "popova13k1p4", "Description": "" }, "geometry": { "type": "LineString", "coordinates": [ [ 32.211937, 48.494827 ], [ 32.211160, 48.495335 ] ] } }
,
{ "type": "Feature", "properties": { "Name": "popova15-18p2", "Description": "" }, "geometry": { "type": "LineString", "coordinates": [ [ 32.211949, 48.494823 ], [ 32.211208, 48.494248 ] ] } }
,
{ "type": "Feature", "properties": { "Name": "popova15-18p4", "Description": "" }, "geometry": { "type": "LineString", "coordinates": [ [ 32.211937, 48.494823 ], [ 32.210860, 48.494625 ] ] } }
