{
"type": "FeatureCollection",
"features": [
{ "type": "Feature", "properties": { "Name": "popova9k3p4", "Description": "" }, "geometry": { "type": "LineString", "coordinates": [ [ 32.210800, 48.496473 ], [ 32.210768, 48.496823 ] ] } }
,
{ "type": "Feature", "properties": { "Name": "popova11k3p5", "Description": "" }, "geometry": { "type": "LineString", "coordinates": [ [ 32.210819, 48.496486 ], [ 32.211778, 48.496369 ] ] } }
,
{ "type": "Feature", "properties": { "Name": "popova11k3p2", "Description": "" }, "geometry": { "type": "LineString", "coordinates": [ [ 32.210827, 48.496502 ], [ 32.212470, 48.496848 ] ] } }
,
{ "type": "Feature", "properties": { "Name": "popova9k2p2", "Description": "" }, "geometry": { "type": "LineString", "coordinates": [ [ 32.210783, 48.496527 ], [ 32.211264, 48.497368 ] ] } }
,
{ "type": "Feature", "properties": { "Name": "popova9k2p5", "Description": "" }, "geometry": { "type": "LineString", "coordinates": [ [ 32.210820, 48.496519 ], [ 32.210380, 48.497565 ] ] } }
,
{ "type": "Feature", "properties": { "Name": "popova11k1", "Description": "" }, "geometry": { "type": "LineString", "coordinates": [ [ 32.210788, 48.496493 ], [ 32.210824, 48.495736 ] ] } }
,
{ "type": "Feature", "properties": { "Name": "popova9k1p2", "Description": "" }, "geometry": { "type": "LineString", "coordinates": [ [ 32.210801, 48.496493 ], [ 32.209919, 48.496231 ] ] } }
,
{ "type": "Feature", "properties": { "Name": "popova9k1p4", "Description": "" }, "geometry": { "type": "LineString", "coordinates": [ [ 32.210807, 48.496510 ], [ 32.209511, 48.496624 ] ] } }
