{
"type": "FeatureCollection",
"features": [
{ "type": "Feature", "properties": { "Name": "rodn4-cb1", "Description": "" }, "geometry": { "type": "Point", "coordinates": [ 32.218712, 48.516859, 0.000000 ] } }
,
{ "type": "Feature", "properties": { "Name": "rodn4-jb1", "Description": "Location:\tБеляева 10, корп. 2 addit loc data:\t Type:\tJB-100x300 place:\tна стене, возле шкафа chb1-cb1 comment:" }, "geometry": { "type": "Point", "coordinates": [ 32.218702, 48.516859, 0.000000 ] } }

]
}
