{
"type": "FeatureCollection",
"features": [
{ "type": "Feature", "properties": { "Name": "rodn1-cb1", "Description": "" }, "geometry": { "type": "Point", "coordinates": [ 32.218251, 48.514361, 0.000000 ] } }
,
{ "type": "Feature", "properties": { "Name": "rodn1-jb1", "Description": "Location:\tБеляева 10, корп. 2 addit loc data:\t Type:\tJB-100x300 place:\tна стене, возле шкафа chb1-cb1 comment:" }, "geometry": { "type": "Point", "coordinates": [ 32.218243, 48.514361, 0.000000 ] } }

]
}
