{
"type": "FeatureCollection",
"features": [
{ "type": "Feature", "properties": { "Name": "rodn-jb1", "Description": "Location:\tБеляева 10, корп. 2 addit loc data:\t Type:\tJB-100x300 place:\tна стене, возле шкафа chb1-cb1 comment:" }, "geometry": { "type": "Point", "coordinates": [ 32.219345, 48.514582, 0.000000 ] } }
,
{ "type": "Feature", "properties": { "Name": "rodn-jb2", "Description": "Location:\tБеляева 10, корп. 2 addit loc data:\t Type:\tJB-100x300 place:\tна стене, возле шкафа chb1-cb1 comment:" }, "geometry": { "type": "Point", "coordinates": [ 32.217219, 48.514127, 0.000000 ] } }
,
{ "type": "Feature", "properties": { "Name": "rodn-jb3", "Description": "Location:\tБеляева 10, корп. 2 addit loc data:\t Type:\tJB-100x300 place:\tна стене, возле шкафа chb1-cb1 comment:" }, "geometry": { "type": "Point", "coordinates": [ 32.219319, 48.515395, 0.000000 ] } }
