{
"type": "FeatureCollection",
"features": [
{ "type": "Feature", "properties": { "Name": "rodn3-cb1", "Description": "" }, "geometry": { "type": "Point", "coordinates": [ 32.217761, 48.515386, 0.000000 ] } }
,
{ "type": "Feature", "properties": { "Name": "rodn3-jb1", "Description": "Location:\tБеляева 10, корп. 2 addit loc data:\t Type:\tJB-100x300 place:\tна стене, возле шкафа chb1-cb1 comment:" }, "geometry": { "type": "Point", "coordinates": [ 32.217761, 48.515394, 0.000000 ] } }

]
}
