{
"type": "FeatureCollection",
"features": [
{ "type": "Feature", "properties": { "Name": "ce.infocom1-sr1-1", "Description": "Відкрита стійка Інфокому в серверній кімнаті" }, "geometry": { "type": "Point", "coordinates": [ 32.260944, 48.507698, 0.000000 ] } }
,
{ "type": "Feature", "properties": { "Name": "vp1-or1", "Description": "location:\tВолкова 24а Type:\tОС1-42uх600 (ККМ)" }, "geometry": { "type": "Point", "coordinates": [ 32.222788, 48.502712, 0.000000 ] } }
,
{ "type": "Feature", "properties": { "Name": "pp1-or1", "Description": "location:\tВолкова 24а Type:\tОС1-42uх600 (ККМ)" }, "geometry": { "type": "Point", "coordinates": [ 32.214766, 48.496540, 0.000000 ] } }

]
}
