{
"type": "FeatureCollection",
"features": [
{ "type": "Feature", "properties": { "Name": "tpg1-cb1", "Description": "Location:\tВолкова 28, корп 1 Box type:\tтр. уточнение Box place:\tстена Power:\tтр. уточнение" }, "geometry": { "type": "Point", "coordinates": [ 32.245218, 48.501777, 0.000000 ] } }
,
{ "type": "Feature", "properties": { "Name": "tpg1-jb1", "Description": "Location:\tВолкова 28, корп 1 Box type:\tтр. уточнение Box place:\tстена Power:\tтр. уточнение" }, "geometry": { "type": "Point", "coordinates": [ 32.245218, 48.501777, 0.000000 ] } }

]
}
