{
"type": "FeatureCollection",
"features": [
{ "type": "Feature", "properties": { "Name": "tpg2-cb1", "Description": "Location:\tВолкова 28, корп 1 Box type:\tтр. уточнение Box place:\tстена Power:\tтр. уточнение" }, "geometry": { "type": "Point", "coordinates": [ 32.245915, 48.503231, 0.000000 ] } }
,
{ "type": "Feature", "properties": { "Name": "tpg2-jb1", "Description": "Location:\tВолкова 28, корп 1 Box type:\tтр. уточнение Box place:\tстена Power:\tтр. уточнение" }, "geometry": { "type": "Point", "coordinates": [ 32.245915, 48.503224, 0.000000 ] } }

]
}
