{
"type": "FeatureCollection",
"features": [
{ "type": "Feature", "properties": { "Name": "tpg3-cb1", "Description": "Location:\tВолкова 28, корп 1 Box type:\tтр. уточнение Box place:\tстена Power:\tтр. уточнение" }, "geometry": { "type": "Point", "coordinates": [ 32.247794, 48.502384, 0.000000 ] } }
,
{ "type": "Feature", "properties": { "Name": "tpg3-jb1", "Description": "Location:\tВолкова 28, корп 1 Box type:\tтр. уточнение Box place:\tстена Power:\tтр. уточнение" }, "geometry": { "type": "Point", "coordinates": [ 32.247803, 48.502380, 0.000000 ] } }

]
}
