{
"type": "FeatureCollection",
"features": [
{ "type": "Feature", "properties": { "Name": "tpg5-cb1", "Description": "Location:\tВолкова 28, корп 1 Box type:\tтр. уточнение Box place:\tстена Power:\tтр. уточнение" }, "geometry": { "type": "Point", "coordinates": [ 32.249779, 48.500391, 0.000000 ] } }
,
{ "type": "Feature", "properties": { "Name": "tpg5-jb1", "Description": "Location:\tВолкова 28, корп 1 Box type:\tтр. уточнение Box place:\tстена Power:\tтр. уточнение" }, "geometry": { "type": "Point", "coordinates": [ 32.249789, 48.500397, 0.000000 ] } }

]
}
