{
"type": "FeatureCollection",
"features": [
{ "type": "Feature", "properties": { "Name": "tpg7-cb1", "Description": "Location:\tВолкова 28, корп 1 Box type:\tтр. уточнение Box place:\tстена Power:\tтр. уточнение" }, "geometry": { "type": "Point", "coordinates": [ 32.255590, 48.502919, 0.000000 ] } }
,
{ "type": "Feature", "properties": { "Name": "tpg7-jb1", "Description": "Location:\tВолкова 28, корп 1 Box type:\tтр. уточнение Box place:\tстена Power:\tтр. уточнение" }, "geometry": { "type": "Point", "coordinates": [ 32.255600, 48.502919, 0.000000 ] } }

]
}
