{
"type": "FeatureCollection",
"features": [
{ "type": "Feature", "properties": { "Name": "uk-f1", "Description": "cable type:\tЮжкабель ОЦПт-8Е1(1х8)-2.0 node1:\tchb5-jb1 node2:\torev2-jb1 mark1: mark2: length: install date: note:\tтехнологический запас .... другие особенности прокладки" }, "geometry": { "type": "LineString", "coordinates": [ [ 32.206222, 48.502651 ], [ 32.206218, 48.502633 ], [ 32.206175, 48.502636 ], [ 32.206751, 48.501924 ], [ 32.206594, 48.501339 ], [ 32.207558, 48.500275 ] ] } }
,
{ "type": "Feature", "properties": { "Name": "uk-f2", "Description": "cable type:\tЮжкабель ОЦПт-8Е1(1х8)-2.0 node1:\tchb5-jb1 node2:\torev2-jb1 mark1: mark2: length: install date: note:\tтехнологический запас .... другие особенности прокладки" }, "geometry": { "type": "LineString", "coordinates": [ [ 32.207213, 48.506300 ], [ 32.207555, 48.506241 ], [ 32.208069, 48.506170 ], [ 32.208416, 48.506112 ], [ 32.208789, 48.506074 ], [ 32.209228, 48.506123 ], [ 32.209414, 48.505993 ] ] } }
,
{ "type": "Feature", "properties": { "Name": "uk-f3", "Description": "cable type:\tЮжкабель ОЦПт-8Е1(1х8)-2.0 node1:\tchb5-jb1 node2:\torev2-jb1 mark1: mark2: length: install date: note:\tтехнологический запас .... другие особенности прокладки" }, "geometry": { "type": "LineString", "coordinates": [ [ 32.209414, 48.505993 ], [ 32.209580, 48.506207 ], [ 32.209761, 48.506464 ], [ 32.209954, 48.506796 ], [ 32.211059, 48.507350 ], [ 32.211729, 48.507250 ], [ 32.211750, 48.507335 ], [ 32.212050, 48.507352 ], [ 32.212329, 48.507357 ] ] } }
,
{ "type": "Feature", "properties": { "Name": "uk-f4", "Description": "Южкабель ОЦПт-8Е1(1х8)-2.0" }, "geometry": { "type": "LineString", "coordinates": [ [ 32.209416, 48.506000 ], [ 32.209330, 48.505778 ], [ 32.209858, 48.505705 ], [ 32.209860, 48.505696 ], [ 32.209585, 48.504976 ], [ 32.209662, 48.504963 ], [ 32.209618, 48.504868 ] ] } }

]
}
