{
"type": "FeatureCollection",
"features": [
{ "type": "Feature", "properties": { "Name": "uk1-jb1", "Description": "Location:\tГ.Сталинграда 4 Box type:\tтр. уточнение Box place:\tподставка Power:\tтр. уточнение" }, "geometry": { "type": "Point", "coordinates": [ 32.206261, 48.502647, 0.000000 ] } }
,
{ "type": "Feature", "properties": { "Name": "uk1-cb1", "Description": "Location:\tГ.Сталинграда 4 Box type:\tтр. уточнение Box place:\tподставка Power:\tтр. уточнение" }, "geometry": { "type": "Point", "coordinates": [ 32.206243, 48.502636, 0.000000 ] } }

]
}
