{
"type": "FeatureCollection",
"features": [
{ "type": "Feature", "properties": { "Name": "vp2-cb1", "Description": "Location:\tВолкова 9, корп 1 Type:\tтр. уточнение" }, "geometry": { "type": "Point", "coordinates": [ 32.221179, 48.502306, 0.000000 ] } }
,
{ "type": "Feature", "properties": { "Name": "vp2-cb2", "Description": "Location:\tВолкова 9, корп 1 Type:\tтр. уточнение" }, "geometry": { "type": "Point", "coordinates": [ 32.221179, 48.502306, 0.000000 ] } }
,
{ "type": "Feature", "properties": { "Name": "vp2-jb1", "Description": "Location:\tВолкова 9, корп 1 Type:\tJB-100x300" }, "geometry": { "type": "Point", "coordinates": [ 32.221179, 48.502306, 0.000000 ] } }

]
}
