{
"type": "FeatureCollection",
"features": [
{ "type": "Feature", "properties": { "Name": "vp4-cb1", "Description": "Location:\tВолкова 26, корп 2 Box type:\tтр. уточнение Box place:\tподставка Power:\tтр. уточнение" }, "geometry": { "type": "Point", "coordinates": [ 32.222596, 48.499720, 0.000000 ] } }
,
{ "type": "Feature", "properties": { "Name": "vp4-jb1", "Description": "Location:\tВолкова 26, корп 2 Box type:\tтр. уточнение Box place:\tподставка Power:\tтр. уточнение" }, "geometry": { "type": "Point", "coordinates": [ 32.222596, 48.499720, 0.000000 ] } }

]
}
