{
"type": "FeatureCollection",
"features": [
{ "type": "Feature", "properties": { "Name": "vp5-cb1", "Description": "Location:\tВолкова 28, корп 1 Box type:\tтр. уточнение Box place:\tстена Power:\tтр. уточнение" }, "geometry": { "type": "Point", "coordinates": [ 32.223481, 48.497866, 0.000000 ] } }
,
{ "type": "Feature", "properties": { "Name": "vp5-jb1", "Description": "Location:\tВолкова 28, корп 1 Box type:\tтр. уточнение Box place:\tстена Power:\tтр. уточнение" }, "geometry": { "type": "Point", "coordinates": [ 32.223485, 48.497864, 0.000000 ] } }

]
}
