{
"type": "FeatureCollection",
"features": [
{ "type": "Feature", "properties": { "Name": "vp7-cb1", "Description": "Location:\tПацаева 3, корп. 3 Box type:\tтр. уточнение Box place:\tподставка Power:\tтр. уточнение" }, "geometry": { "type": "Point", "coordinates": [ 32.218853, 48.501732, 0.000000 ] } }
,
{ "type": "Feature", "properties": { "Name": "vp7-jb1", "Description": "Location:\tПацаева 3, корп. 3 Box type:\tтр. уточнение Box place:\tподставка Power:\tтр. уточнение" }, "geometry": { "type": "Point", "coordinates": [ 32.218853, 48.501732, 0.000000 ] } }

]
}
