{
"type": "FeatureCollection",
"features": [
{ "type": "Feature", "properties": { "Name": "vp8-cb1", "Description": "Location:\tПацаева 3, корп. 1 Box type:\tтр. уточнение Box place:\tподставка Power:\tтр. уточнение" }, "geometry": { "type": "Point", "coordinates": [ 32.216494, 48.501479, 0.000000 ] } }
,
{ "type": "Feature", "properties": { "Name": "vp8-jb1", "Description": "Location:\tПацаева 3, корп. 1 Box type:\tтр. уточнение Box place:\tподставка Power:\tтр. уточнение" }, "geometry": { "type": "Point", "coordinates": [ 32.216494, 48.501479, 0.000000 ] } }

]
}
