{
"type": "FeatureCollection",
"features": [
{ "type": "Feature", "properties": { "Name": "vp-f1.1", "Description": "cable type:\tFinMark UT12-SM-28 node1:\tvp1-or1 node2:\tvp2-jb1 mark1: mark2: length: install date: note:\tтехнологический запас ...." }, "geometry": { "type": "LineString", "coordinates": [ [ 32.222934, 48.502702 ], [ 32.221453, 48.502548 ], [ 32.221351, 48.502211 ] ] } }
,
{ "type": "Feature", "properties": { "Name": "vp-f1.2", "Description": "cable type:\tОПт-16Е4(4х4)-4.0 node1:\tvp1-or1 node2:\tvp2-jb1 mark1: mark2: length: install date: note:\tтехнологический запас .... другие особенности прокладки" }, "geometry": { "type": "LineString", "coordinates": [ [ 32.222934, 48.502702 ], [ 32.221453, 48.502548 ], [ 32.221351, 48.502211 ] ] } }
,
{ "type": "Feature", "properties": { "Name": "vp-f1.3", "Description": "cable type:\tFinMark UT16-SM-28 node1:\tvp1-or1 node2:\tvp2-jb1 mark1: mark2: length: install date: note:\tтехнологический запас ...." }, "geometry": { "type": "LineString", "coordinates": [ [ 32.222779, 48.502705 ], [ 32.221385, 48.502509 ], [ 32.221293, 48.502271 ], [ 32.221197, 48.502281 ], [ 32.220773, 48.501902 ], [ 32.220321, 48.501976 ], [ 32.220179, 48.501905 ], [ 32.219426, 48.501690 ], [ 32.219380, 48.501658 ], [ 32.218843, 48.501733 ] ] } }
,
{ "type": "Feature", "properties": { "Name": "vp-f2.1", "Description": "cable type:\tЮжкабель ОЦПт-12Е1(1х12)-2.0 node1:\tvp2-jb1 node2:\tvp3-jb1 mark1: mark2: length: install date: note:\tтехнологический запас .... другие особенности прокладки" }, "geometry": { "type": "LineString", "coordinates": [ [ 32.221337, 48.502211 ], [ 32.221220, 48.501932 ], [ 32.221162, 48.501326 ], [ 32.220915, 48.500643 ], [ 32.220799, 48.500518 ], [ 32.220349, 48.500402 ], [ 32.220363, 48.500402 ] ] } }
,
{ "type": "Feature", "properties": { "Name": "vp-f2.2", "Description": "cable type:\tFinMark UT8-SM-28 node1:\tvp-1.1 node2:\tvp-2.1 mark1: mark2: length: install date: note:\tтехнологический запас .... другие особенности прокладки" }, "geometry": { "type": "LineString", "coordinates": [ [ 32.221337, 48.502211 ], [ 32.221220, 48.501932 ], [ 32.221162, 48.501326 ], [ 32.220915, 48.500643 ], [ 32.220799, 48.500518 ], [ 32.220349, 48.500402 ], [ 32.220363, 48.500402 ] ] } }
,
{ "type": "Feature", "properties": { "Name": "vp-f3", "Description": "cable type:\tЮжкабель ОЦПт-12Е1(1х12)-2.0 node1:\tvp3-jb1 node2:\tvp4-jb1 mark1: mark2: length: install date: note:\tтехнологический запас .... другие особенности прокладки" }, "geometry": { "type": "LineString", "coordinates": [ [ 32.220358, 48.500409 ], [ 32.220358, 48.500430 ], [ 32.220946, 48.500553 ], [ 32.222184, 48.500142 ], [ 32.222587, 48.499691 ] ] } }
,
{ "type": "Feature", "properties": { "Name": "vp-f4", "Description": "cable type:\tЮжкабель ОЦПт-12Е1(1х12)-2.0 node1:\tvp4-jb1 node2:\tvp5-jb1 mark1: mark2: length: install date: note:\tтехнологический запас .... другие особенности прокладки" }, "geometry": { "type": "LineString", "coordinates": [ [ 32.222567, 48.499711 ], [ 32.223001, 48.498677 ], [ 32.223578, 48.497796 ] ] } }
,
{ "type": "Feature", "properties": { "Name": "vp-f5", "Description": "cable type:\tЮжкабель ОЦПт-12Е1(1х12)-2.0 node1:\tvp4-jb1 node2:\tvp5-jb1 mark1: mark2: length: install date: note:\tтехнологический запас .... другие особенности прокладки" }, "geometry": { "type": "LineString", "coordinates": [ [ 32.223477, 48.497865 ], [ 32.223445, 48.497852 ], [ 32.223587, 48.497645 ], [ 32.223670, 48.497667 ], [ 32.223698, 48.497621 ], [ 32.225340, 48.496813 ], [ 32.225532, 48.496821 ], [ 32.225819, 48.496911 ] ] } }
,
{ "type": "Feature", "properties": { "Name": "vp-f22", "Description": "cable type:\tОПт-16Е4(4х4)-4.0 node1:\tvp1-or1 node2:\tvp2-jb1 mark1: mark2: length: install date: note:\tтехнологический запас .... другие особенности прокладки" }, "geometry": { "type": "LineString", "coordinates": [ [ 32.218838, 48.501722 ], [ 32.218346, 48.501795 ], [ 32.218273, 48.501742 ], [ 32.217672, 48.501644 ], [ 32.217179, 48.501630 ], [ 32.217105, 48.501654 ], [ 32.216516, 48.501479 ] ] } }
,
{ "type": "Feature", "properties": { "Name": "vp-f31", "Description": "cable type:\tЮжкабель ОЦПт-8Е1(1х8)-2.0 node1:\tvp3-jb1 node2:\tvp9-jb1 mark1: mark2: length:\t209 install date: note:\tтехнологический запас .... другие особенности прокладки" }, "geometry": { "type": "LineString", "coordinates": [ [ 32.220346, 48.500397 ], [ 32.220363, 48.500424 ], [ 32.218294, 48.499801 ] ] } }
,
{ "type": "Feature", "properties": { "Name": "vp-f32", "Description": "cable type:\tЮжкабель ОЦПт-12Е1(1х12)-2.0 node1:\tvp3-jb1 node2:\tvp9-jb1 mark1: mark2: length:\t209 install date: note:\tтехнологический запас .... другие особенности прокладки" }, "geometry": { "type": "LineString", "coordinates": [ [ 32.218294, 48.499801 ], [ 32.217795, 48.499666 ] ] } }

]
}
