{
"type": "FeatureCollection",
"features": [
{ "type": "Feature", "properties": { "Name": "uni1-7p2", "Description": "" }, "geometry": { "type": "LineString", "coordinates": [ [ 32.221213, 48.502292 ], [ 32.220761, 48.503159 ] ] } }
,
{ "type": "Feature", "properties": { "Name": "volkova9k2", "Description": "" }, "geometry": { "type": "LineString", "coordinates": [ [ 32.221222, 48.502303 ], [ 32.220323, 48.501914 ] ] } }
,
{ "type": "Feature", "properties": { "Name": "uni1-7p4", "Description": "" }, "geometry": { "type": "LineString", "coordinates": [ [ 32.221234, 48.502288 ], [ 32.221397, 48.502800 ], [ 32.221433, 48.503071 ] ] } }

]
}
