{
"type": "FeatureCollection",
"features": [
{ "type": "Feature", "properties": { "Name": "volkova11k1p2", "Description": "" }, "geometry": { "type": "LineString", "coordinates": [ [ 32.220520, 48.500504 ], [ 32.220941, 48.501104 ] ] } }
,
{ "type": "Feature", "properties": { "Name": "volkova11k2", "Description": "" }, "geometry": { "type": "LineString", "coordinates": [ [ 32.220504, 48.500554 ], [ 32.219831, 48.501016 ] ] } }
,
{ "type": "Feature", "properties": { "Name": "volkova11k3", "Description": "" }, "geometry": { "type": "LineString", "coordinates": [ [ 32.220512, 48.500532 ], [ 32.219672, 48.500317 ], [ 32.219166, 48.500153 ] ] } }
