{
"type": "FeatureCollection",
"features": [
{ "type": "Feature", "properties": { "Name": "volkova28k1p5", "Description": "" }, "geometry": { "type": "LineString", "coordinates": [ [ 32.223457, 48.497851 ], [ 32.222983, 48.498474 ] ] } }
,
{ "type": "Feature", "properties": { "Name": "volkova28k3", "Description": "" }, "geometry": { "type": "LineString", "coordinates": [ [ 32.223491, 48.497868 ], [ 32.223383, 48.498073 ], [ 32.223970, 48.498882 ] ] } }
,
{ "type": "Feature", "properties": { "Name": "volkova28k4", "Description": "" }, "geometry": { "type": "LineString", "coordinates": [ [ 32.223516, 48.497862 ], [ 32.223768, 48.498045 ], [ 32.224222, 48.498493 ] ] } }
,
{ "type": "Feature", "properties": { "Name": "volkova28k5", "Description": "" }, "geometry": { "type": "LineString", "coordinates": [ [ 32.223449, 48.497868 ], [ 32.224471, 48.498038 ] ] } }
,
{ "type": "Feature", "properties": { "Name": "volkova30", "Description": "" }, "geometry": { "type": "LineString", "coordinates": [ [ 32.223482, 48.497856 ], [ 32.223648, 48.497590 ], [ 32.223801, 48.496901 ] ] } }

]
}
