{
"type": "FeatureCollection",
"features": [
{ "type": "Feature", "properties": { "Name": "pacaeva1-3", "Description": "" }, "geometry": { "type": "LineString", "coordinates": [ [ 32.216485, 48.501479 ], [ 32.214850, 48.502012 ] ] } }
,
{ "type": "Feature", "properties": { "Name": "pacaeva3k1", "Description": "" }, "geometry": { "type": "LineString", "coordinates": [ [ 32.216468, 48.501463 ], [ 32.215761, 48.500717 ] ] } }
,
{ "type": "Feature", "properties": { "Name": "koneva1a", "Description": "" }, "geometry": { "type": "LineString", "coordinates": [ [ 32.214841, 48.502040 ], [ 32.214749, 48.502200 ], [ 32.215072, 48.502538 ] ] } }

]
}
