{
"type": "FeatureCollection",
"features": [
{ "type": "Feature", "properties": { "Name": "pacaeva5k1", "Description": "" }, "geometry": { "type": "LineString", "coordinates": [ [ 32.217682, 48.499726 ], [ 32.216503, 48.499789 ] ] } }
,
{ "type": "Feature", "properties": { "Name": "pacaeva5k2", "Description": "" }, "geometry": { "type": "LineString", "coordinates": [ [ 32.217707, 48.499720 ], [ 32.217192, 48.500317 ] ] } }
,
{ "type": "Feature", "properties": { "Name": "pacaeva5k4", "Description": "" }, "geometry": { "type": "LineString", "coordinates": [ [ 32.217707, 48.499720 ], [ 32.217774, 48.499797 ], [ 32.218266, 48.500304 ] ] } }

]
}
